ctime,schemaname,relname,seq_scan,seq_tup_read,idx_scan,idx_tup_fetch,n_tup_ins,n_tup_upd,n_tup_del,n_tup_hot_upd,n_live_tup,n_dead_tup,heap_blks_read,heap_blks_hit,idx_blks_read,idx_blks_hit,toast_blks_read,toast_blks_hit,tidx_blks_read,tidx_blks_hit
1416627882.56127,pg_catalog,pg_attrdef,0,0,0,0,0,0,0,0,0,0,0,0,0,0,0,0,0,0
1416627882.56127,pg_catalog,pg_db_role_setting,0,0,143828,0,0,0,0,0,0,0,0,0,366,143462,0,0,0,0
1416627882.56127,pg_toast,pg_toast_12713,0,0,0,0,0,0,0,0,0,0,0,0,0,0,,,,
1416627882.56127,pg_catalog,pg_rowsecurity,0,0,0,0,0,0,0,0,0,0,0,0,0,0,,,,
1416627882.56127,pg_catalog,pg_description,0,0,4561,0,0,0,0,0,0,0,0,0,1462,8694,0,0,0,0
1416627882.56127,pg_catalog,pg_foreign_data_wrapper,0,0,0,0,0,0,0,0,0,0,0,0,0,0,,,,
1416627882.56127,pg_catalog,pg_conversion,0,0,0,0,0,0,0,0,0,0,0,0,0,0,,,,
1416627882.56127,pg_catalog,pg_class,12198,2747664,819388,748984,1836,576,1798,565,337,104,7564,859065,7311,1715355,,,,
1416627882.56127,information_schema,sql_implementation_info,0,0,,,0,0,0,0,0,0,0,0,,,0,0,0,0
1416627882.56127,pg_catalog,pg_opfamily,0,0,0,0,0,0,0,0,0,0,0,0,0,0,,,,
1416627882.56127,pg_catalog,pg_auth_members,0,0,0,0,0,0,0,0,0,0,0,0,0,0,,,,
1416627882.56127,pg_catalog,pg_operator,0,0,258855,1356453,0,0,0,0,0,0,6546,938882,5802,561247,,,,
1416627882.56127,information_schema,sql_languages,0,0,,,0,0,0,0,0,0,0,0,,,0,0,0,0
1416627882.56127,pg_toast,pg_toast_12693,0,0,0,0,0,0,0,0,0,0,0,0,0,0,,,,
1416627882.56127,pg_catalog,pg_attribute,2486,16950,670941,1513264,6660,180,6482,151,2514,22,22807,749839,6220,1404653,,,,
1416627882.56127,pg_toast,pg_toast_12698,0,0,0,0,0,0,0,0,0,0,0,0,0,0,,,,
1416627882.56127,pg_catalog,pg_tablespace,2,4,23747,23747,0,0,0,0,0,0,632,23117,1316,46284,,,,
1416627882.56127,pg_catalog,pg_statistic,0,0,184909,177932,1473,4256,1410,3593,464,48,17707,172411,2009,396407,43973,176892,2620,268847
1416627882.56127,pg_toast,pg_toast_12703,0,0,0,0,0,0,0,0,0,0,0,0,0,0,,,,
1416627882.56127,information_schema,sql_packages,0,0,,,0,0,0,0,0,0,0,0,,,0,0,0,0
1416627882.56127,information_schema,sql_sizing_profiles,0,0,,,0,0,0,0,0,0,0,0,,,0,0,0,0
1416627882.56127,pg_catalog,pg_aggregate,0,0,17913,17913,0,0,0,0,0,0,1269,16644,2930,28288,,,,
1416627882.56127,public,part,10,16000000,79,4061144,2000000,0,0,0,2000000,0,249073,450106,48699,190,,,,
1416627882.56127,pg_catalog,pg_inherits,0,0,1034,0,0,0,0,0,0,0,0,0,518,516,,,,
1416627882.56127,pg_catalog,pg_enum,0,0,0,0,0,0,0,0,0,0,0,0,0,0,,,,
1416627882.56127,public,region,6293,31440,16,16,5,0,0,0,5,0,8,6306,8,15,,,,
1416627882.56127,pg_toast,pg_toast_2396,0,0,0,0,0,0,0,0,0,0,0,0,0,0,,,,
1416627882.56127,pg_catalog,pg_pltemplate,0,0,0,0,0,0,0,0,0,0,0,0,0,0,,,,
1416627882.56127,pg_toast,pg_toast_2618,0,0,3269,10438,0,0,0,0,0,0,2021,1988,585,4689,,,,
1416627882.56127,pg_toast,pg_toast_3596,0,0,0,0,0,0,0,0,0,0,0,0,0,0,,,,
1416627882.56127,information_schema,sql_features,0,0,,,0,0,0,0,0,0,0,0,,,0,0,0,0
1416627882.56127,pg_toast,pg_toast_2606,0,0,0,0,0,0,0,0,0,0,0,0,0,0,,,,
1416627882.56127,pg_toast,pg_toast_12723,0,0,0,0,0,0,0,0,0,0,0,0,0,0,,,,
1416627882.56127,pg_toast,pg_toast_2964,0,0,0,0,0,0,0,0,0,0,0,0,0,0,,,,
1416627882.56127,pg_catalog,pg_database,3551,13784,116941,116939,1,0,0,0,1,0,259,120232,1698,187089,,,,
1416627882.56127,information_schema,sql_sizing,0,0,,,0,0,0,0,0,0,0,0,,,0,0,0,0
1416627882.56127,pg_toast,pg_toast_2620,0,0,0,0,0,0,0,0,0,0,0,0,0,0,,,,
1416627882.56127,pg_catalog,pg_depend,0,0,43068,46285,7949,0,7860,0,7106,355,8201,53340,11878,110957,,,,
1416627882.56127,pg_catalog,pg_language,0,0,0,0,0,0,0,0,0,0,0,0,0,0,,,,
1416627882.56127,pg_catalog,pg_amproc,452,904,152135,311362,0,0,0,0,0,0,1602,149513,1318,337492,,,,
1416627882.56127,public,supplier,8,600000,3303691,4253642,100000,0,0,0,100000,0,11790,3339463,996,6624515,,,,
1416627882.56127,public,orders,15,150090000,5181201,65241197,15015000,0,15000,0,15000000,15000,1776325,8525990,123622,15600337,,,,
1416627882.56127,pg_catalog,pg_collation,0,0,0,0,0,0,0,0,0,0,0,0,0,0,,,,
1416627882.56127,pg_toast,pg_toast_12708,0,0,0,0,0,0,0,0,0,0,0,0,0,0,,,,
1416627882.56127,pg_catalog,pg_range,0,0,8081,0,0,0,0,0,0,0,0,0,2981,13181,,,,
1416627882.56127,pg_toast,pg_toast_2609,0,0,0,0,0,0,0,0,0,0,0,0,0,0,,,,
1416627882.56127,pg_catalog,pg_opclass,452,452,207757,2278959,0,0,0,0,0,0,1361,907088,3051,253310,,,,
1416627882.56127,pg_catalog,pg_rewrite,0,0,7990,6262,576,0,576,0,110,58,4169,6901,1902,11714,2021,1988,1170,9378
1416627882.56127,pg_toast,pg_toast_1255,0,0,0,0,0,0,0,0,0,0,0,0,0,0,,,,
1416627882.56127,pg_catalog,pg_seclabel,0,0,4561,0,0,0,0,0,0,0,0,0,472,4089,0,0,0,0
1416627882.56127,public,lineitem,22,960194151,4217762,326068677,60045669,0,60340,0,59985400,60340,19912747,28384182,997909,17339762,,,,
1416627882.56127,pg_catalog,pg_ts_parser,0,0,0,0,0,0,0,0,0,0,0,0,0,0,,,,
1416627882.56127,pg_catalog,pg_trigger,0,0,0,0,0,0,0,0,0,0,0,0,0,0,0,0,0,0
1416627882.56127,pg_catalog,pg_shseclabel,0,0,0,0,0,0,0,0,0,0,0,0,0,0,,,,
1416627882.56127,pg_catalog,pg_event_trigger,0,0,1728,0,0,0,0,0,0,0,0,0,518,1210,,,,
1416627882.56127,pg_catalog,pg_foreign_table,0,0,0,0,0,0,0,0,0,0,0,0,0,0,,,,
1416627882.56127,pg_catalog,pg_extension,0,0,0,0,0,0,0,0,0,0,0,0,0,0,,,,
1416627882.56127,public,time_statistics,26,375,,,29,26,0,26,29,26,4,77,,,,,,
1416627882.56127,pg_catalog,pg_ts_config,0,0,0,0,0,0,0,0,0,0,0,0,0,0,,,,
1416627882.56127,public,customer,14,15000000,81,15873278,1500000,0,0,0,1500000,0,149058,884578,20535,224,,,,
1416627882.56127,pg_catalog,pg_shdescription,0,0,0,0,0,0,0,0,0,0,0,0,0,0,0,0,0,0
1416627882.56127,pg_catalog,pg_cast,0,0,1124097,266076,0,0,0,0,0,0,1367,264709,843,1155341,,,,
1416627882.56127,pg_catalog,pg_amop,0,0,293801,519450,0,0,0,0,0,0,2307,497234,5333,621618,,,,
1416627882.56127,pg_catalog,pg_user_mapping,0,0,0,0,0,0,0,0,0,0,0,0,0,0,,,,
1416627882.56127,pg_catalog,pg_type,0,0,795213,787411,2070,0,2051,0,360,99,4988,791362,7728,1634120,,,,
1416627882.56127,information_schema,sql_parts,0,0,,,0,0,0,0,0,0,0,0,,,0,0,0,0
1416627882.56127,pg_catalog,pg_largeobject,0,0,0,0,0,0,0,0,0,0,0,0,0,0,,,,
1416627882.56127,pg_catalog,pg_ts_config_map,0,0,0,0,0,0,0,0,0,0,0,0,0,0,,,,
1416627882.56127,pg_catalog,pg_largeobject_metadata,0,0,0,0,0,0,0,0,0,0,0,0,0,0,,,,
1416627882.56127,pg_catalog,pg_am,39681,39681,0,0,0,0,0,0,0,0,437,39244,0,0,,,,
1416627882.56127,pg_toast,pg_toast_12718,0,0,0,0,0,0,0,0,0,0,0,0,0,0,,,,
1416627882.56127,pg_catalog,pg_ts_template,0,0,0,0,0,0,0,0,0,0,0,0,0,0,,,,
1416627882.56127,pg_catalog,pg_foreign_server,0,0,0,0,0,0,0,0,0,0,0,0,0,0,,,,
1416627882.56127,pg_catalog,pg_namespace,1404,46558,177619,144493,42,0,0,0,42,0,446,145557,2111,211086,,,,
1416627882.56127,pg_toast,pg_toast_2619,0,0,133861,452413,5381,0,5131,0,260,14,43973,176892,2620,268847,,,,
1416627882.56127,pg_catalog,pg_authid,772,772,66524,66524,0,0,0,0,0,0,375,66921,1765,131283,,,,
1416627882.56127,pg_catalog,pg_default_acl,0,0,4176,0,0,0,0,0,0,0,0,0,474,3702,,,,
1416627882.56127,public,partsupp,13,64000000,28164,112560,8000000,0,0,0,8000000,0,1008454,1514679,40414,66481,,,,
1416627882.56127,pg_catalog,pg_shdepend,0,0,5649,1087,0,0,0,0,0,0,517,570,2025,5704,,,,
1416627882.56127,pg_catalog,pg_constraint,0,0,280,136,144,0,136,0,10,24,80,795,144,1432,0,0,0,0
1416627882.56127,public,nation,24,325,25217,25241,25,0,0,0,25,0,9,25231,13,25223,,,,
1416627882.56127,pg_catalog,pg_index,4743,445107,363791,521431,792,0,764,0,143,48,3993,510045,2528,416858,,,,
1416627882.56127,pg_catalog,pg_ts_dict,0,0,0,0,0,0,0,0,0,0,0,0,0,0,,,,
1416627882.56127,pg_toast,pg_toast_2604,0,0,0,0,0,0,0,0,0,0,0,0,0,0,,,,
1416627882.56127,pg_catalog,pg_proc,0,0,292663,434256,0,0,0,0,0,0,28476,287077,11802,636847,0,0,0,0
1416627942.56213,pg_catalog,pg_attrdef,0,0,0,0,0,0,0,0,0,0,0,0,0,0,0,0,0,0
1416627942.56213,pg_catalog,pg_db_role_setting,0,0,145148,0,0,0,0,0,0,0,0,0,367,144781,0,0,0,0
1416627942.56213,pg_toast,pg_toast_12713,0,0,0,0,0,0,0,0,0,0,0,0,0,0,,,,
1416627942.56213,pg_catalog,pg_rowsecurity,0,0,0,0,0,0,0,0,0,0,0,0,0,0,,,,
1416627942.56213,pg_catalog,pg_description,0,0,4605,0,0,0,0,0,0,0,0,0,1468,8787,0,0,0,0
1416627942.56213,pg_catalog,pg_foreign_data_wrapper,0,0,0,0,0,0,0,0,0,0,0,0,0,0,,,,
1416627942.56213,pg_catalog,pg_conversion,0,0,0,0,0,0,0,0,0,0,0,0,0,0,,,,
1416627942.56213,pg_catalog,pg_class,12236,2750406,828754,757457,1848,586,1810,575,339,2,7575,867866,7322,1734808,,,,
1416627942.56213,information_schema,sql_implementation_info,0,0,,,0,0,0,0,0,0,0,0,,,0,0,0,0
1416627942.56213,pg_catalog,pg_opfamily,0,0,0,0,0,0,0,0,0,0,0,0,0,0,,,,
1416627942.56213,pg_catalog,pg_auth_members,0,0,0,0,0,0,0,0,0,0,0,0,0,0,,,,
1416627942.56213,pg_catalog,pg_operator,0,0,263129,1373908,0,0,0,0,0,0,6558,951577,5805,570362,,,,
1416627942.56213,information_schema,sql_languages,0,0,,,0,0,0,0,0,0,0,0,,,0,0,0,0
1416627942.56213,pg_toast,pg_toast_12693,0,0,0,0,0,0,0,0,0,0,0,0,0,0,,,,
1416627942.56213,pg_catalog,pg_attribute,2508,17100,679465,1533038,6688,180,6510,151,2514,50,22848,759239,6225,1422223,,,,
1416627942.56213,pg_toast,pg_toast_12698,0,0,0,0,0,0,0,0,0,0,0,0,0,0,,,,
1416627942.56213,pg_catalog,pg_tablespace,2,4,24013,24013,0,0,0,0,0,0,633,23382,1319,46815,,,,
1416627942.56213,pg_catalog,pg_statistic,0,0,187611,180601,1477,4263,1411,3600,467,44,17744,175061,2011,402081,44084,180287,2621,273552
1416627942.56213,pg_toast,pg_toast_12703,0,0,0,0,0,0,0,0,0,0,0,0,0,0,,,,
1416627942.56213,information_schema,sql_packages,0,0,,,0,0,0,0,0,0,0,0,,,0,0,0,0
1416627942.56213,information_schema,sql_sizing_profiles,0,0,,,0,0,0,0,0,0,0,0,,,0,0,0,0
1416627942.56213,pg_catalog,pg_aggregate,0,0,18234,18234,0,0,0,0,0,0,1270,16964,2933,28844,,,,
1416627942.56213,public,part,31,18000000,382,6138390,2000000,0,0,0,2000000,0,374913,468454,54703,1378,,,,
1416627942.56213,pg_catalog,pg_inherits,0,0,1045,0,0,0,0,0,0,0,0,0,520,525,,,,
1416627942.56213,pg_catalog,pg_enum,0,0,0,0,0,0,0,0,0,0,0,0,0,0,,,,
1416627942.56213,public,region,12709,63315,108,108,5,0,0,0,5,0,10,12771,12,138,,,,
1416627942.56213,pg_toast,pg_toast_2396,0,0,0,0,0,0,0,0,0,0,0,0,0,0,,,,
1416627942.56213,pg_catalog,pg_pltemplate,0,0,0,0,0,0,0,0,0,0,0,0,0,0,,,,
1416627942.56213,pg_toast,pg_toast_2618,0,0,3273,10452,0,0,0,0,0,0,2025,1989,585,4695,,,,
1416627942.56213,pg_toast,pg_toast_3596,0,0,0,0,0,0,0,0,0,0,0,0,0,0,,,,
1416627942.56213,information_schema,sql_features,0,0,,,0,0,0,0,0,0,0,0,,,0,0,0,0
1416627942.56213,pg_toast,pg_toast_2606,0,0,0,0,0,0,0,0,0,0,0,0,0,0,,,,
1416627942.56213,pg_toast,pg_toast_12723,0,0,0,0,0,0,0,0,0,0,0,0,0,0,,,,
1416627942.56213,pg_toast,pg_toast_2964,0,0,0,0,0,0,0,0,0,0,0,0,0,0,,,,
1416627942.56213,pg_catalog,pg_database,3555,13794,117942,117940,1,0,0,0,1,0,259,121237,1702,188745,,,,
1416627942.56213,information_schema,sql_sizing,0,0,,,0,0,0,0,0,0,0,0,,,0,0,0,0
1416627942.56213,pg_toast,pg_toast_2620,0,0,0,0,0,0,0,0,0,0,0,0,0,0,,,,
1416627942.56213,pg_catalog,pg_depend,0,0,43539,46829,8043,0,7954,0,7106,449,8277,53982,11907,112277,,,,
1416627942.56213,pg_catalog,pg_language,0,0,0,0,0,0,0,0,0,0,0,0,0,0,,,,
1416627942.56213,pg_catalog,pg_amproc,456,912,154351,318970,0,0,0,0,0,0,1604,151739,1319,342237,,,,
1416627942.56213,public,supplier,30,800000,3378181,5228123,100000,0,0,0,100000,0,16147,3433556,1553,6773555,,,,
1416627942.56213,public,orders,67,180120000,10544007,130633999,15045000,0,30000,0,15015000,30000,2330408,14873441,184220,31868334,,,,
1416627942.56213,pg_catalog,pg_collation,0,0,0,0,0,0,0,0,0,0,0,0,0,0,,,,
1416627942.56213,pg_toast,pg_toast_12708,0,0,0,0,0,0,0,0,0,0,0,0,0,0,,,,
1416627942.56213,pg_catalog,pg_range,0,0,8115,0,0,0,0,0,0,0,0,0,2983,13247,,,,
1416627942.56213,pg_toast,pg_toast_2609,0,0,0,0,0,0,0,0,0,0,0,0,0,0,,,,
1416627942.56213,pg_catalog,pg_opclass,456,456,211159,2315945,0,0,0,0,0,0,1361,922046,3051,257233,,,,
1416627942.56213,pg_catalog,pg_rewrite,0,0,8055,6297,586,0,586,0,110,68,4186,6979,1904,11820,2025,1989,1170,9390
1416627942.56213,pg_toast,pg_toast_1255,0,0,0,0,0,0,0,0,0,0,0,0,0,0,,,,
1416627942.56213,pg_catalog,pg_seclabel,0,0,4605,0,0,0,0,0,0,0,0,0,474,4131,0,0,0,0
1416627942.56213,public,lineitem,91,1260241344,10160628,520725664,60165770,0,120391,0,60045450,120391,23730884,42788952,1480030,42777835,,,,
1416627942.56213,pg_catalog,pg_ts_parser,0,0,0,0,0,0,0,0,0,0,0,0,0,0,,,,
1416627942.56213,pg_catalog,pg_trigger,0,0,0,0,0,0,0,0,0,0,0,0,0,0,0,0,0,0
1416627942.56213,pg_catalog,pg_shseclabel,0,0,0,0,0,0,0,0,0,0,0,0,0,0,,,,
1416627942.56213,pg_catalog,pg_event_trigger,0,0,1739,0,0,0,0,0,0,0,0,0,519,1220,,,,
1416627942.56213,pg_catalog,pg_foreign_table,0,0,0,0,0,0,0,0,0,0,0,0,0,0,,,,
1416627942.56213,pg_catalog,pg_extension,0,0,0,0,0,0,0,0,0,0,0,0,0,0,,,,
1416627942.56213,public,time_statistics,48,1681,,,71,48,0,48,71,48,4,164,,,,,,
1416627942.56213,pg_catalog,pg_ts_config,0,0,0,0,0,0,0,0,0,0,0,0,0,0,,,,
1416627942.56213,public,customer,56,18000000,403,45873580,1500000,0,0,0,1500000,0,163385,1646669,20547,1490,,,,
1416627942.56213,pg_catalog,pg_shdescription,0,0,0,0,0,0,0,0,0,0,0,0,0,0,0,0,0,0
1416627942.56213,pg_catalog,pg_cast,0,0,1137495,269726,0,0,0,0,0,0,1367,268359,843,1169045,,,,
1416627942.56213,pg_catalog,pg_amop,0,0,298390,527137,0,0,0,0,0,0,2309,504671,5333,631300,,,,
1416627942.56213,pg_catalog,pg_user_mapping,0,0,0,0,0,0,0,0,0,0,0,0,0,0,,,,
1416627942.56213,pg_catalog,pg_type,0,0,802902,795000,2092,0,2073,0,360,121,4997,799039,7731,1650056,,,,
1416627942.56213,information_schema,sql_parts,0,0,,,0,0,0,0,0,0,0,0,,,0,0,0,0
1416627942.56213,pg_catalog,pg_largeobject,0,0,0,0,0,0,0,0,0,0,0,0,0,0,,,,
1416627942.56213,pg_catalog,pg_ts_config_map,0,0,0,0,0,0,0,0,0,0,0,0,0,0,,,,
1416627942.56213,pg_catalog,pg_largeobject_metadata,0,0,0,0,0,0,0,0,0,0,0,0,0,0,,,,
1416627942.56213,pg_catalog,pg_am,40236,40236,0,0,0,0,0,0,0,0,437,39799,0,0,,,,
1416627942.56213,pg_toast,pg_toast_12718,0,0,0,0,0,0,0,0,0,0,0,0,0,0,,,,
1416627942.56213,pg_catalog,pg_ts_template,0,0,0,0,0,0,0,0,0,0,0,0,0,0,,,,
1416627942.56213,pg_catalog,pg_foreign_server,0,0,0,0,0,0,0,0,0,0,0,0,0,0,,,,
1416627942.56213,pg_catalog,pg_namespace,1406,46654,178591,145156,42,0,0,0,42,0,446,146222,2114,212377,,,,
1416627942.56213,pg_toast,pg_toast_2619,0,0,136076,460158,5388,0,5136,0,262,19,44084,180287,2621,273552,,,,
1416627942.56213,pg_catalog,pg_authid,775,775,67181,67181,0,0,0,0,0,0,376,67580,1769,132593,,,,
1416627942.56213,pg_catalog,pg_default_acl,0,0,4220,0,0,0,0,0,0,0,0,0,475,3745,,,,
1416627942.56213,public,partsupp,64,72000000,56568,225678,8000000,0,0,0,8000000,0,1202552,1523352,57627,135003,,,,
1416627942.56213,pg_catalog,pg_shdepend,0,0,5704,1098,0,0,0,0,0,0,518,580,2031,5775,,,,
1416627942.56213,pg_catalog,pg_constraint,0,0,280,136,144,0,136,0,10,24,80,795,144,1432,0,0,0,0
1416627942.56213,public,nation,144,575,51165,51237,25,0,0,0,25,0,11,51187,18,51266,,,,
1416627942.56213,pg_catalog,pg_index,4762,445836,369243,529508,793,0,765,0,143,49,3996,518110,2528,422870,,,,
1416627942.56213,pg_catalog,pg_ts_dict,0,0,0,0,0,0,0,0,0,0,0,0,0,0,,,,
1416627942.56213,pg_toast,pg_toast_2604,0,0,0,0,0,0,0,0,0,0,0,0,0,0,,,,
1416627942.56213,pg_catalog,pg_proc,0,0,296314,440126,0,0,0,0,0,0,28513,290937,11814,644752,0,0,0,0
1416628002.56635,pg_catalog,pg_attrdef,0,0,0,0,0,0,0,0,0,0,0,0,0,0,0,0,0,0
1416628002.56635,pg_catalog,pg_db_role_setting,0,0,145464,0,0,0,0,0,0,0,0,0,367,145097,0,0,0,0
1416628002.56635,pg_toast,pg_toast_12713,0,0,0,0,0,0,0,0,0,0,0,0,0,0,,,,
1416628002.56635,pg_catalog,pg_rowsecurity,0,0,0,0,0,0,0,0,0,0,0,0,0,0,,,,
1416628002.56635,pg_catalog,pg_description,0,0,4621,0,0,0,0,0,0,0,0,0,1478,8813,0,0,0,0
1416628002.56635,pg_catalog,pg_foreign_data_wrapper,0,0,0,0,0,0,0,0,0,0,0,0,0,0,,,,
1416628002.56635,pg_catalog,pg_conversion,0,0,0,0,0,0,0,0,0,0,0,0,0,0,,,,
1416628002.56635,pg_catalog,pg_class,12257,2753467,830266,758814,1853,589,1815,577,339,10,7595,869380,7336,1738012,,,,
1416628002.56635,information_schema,sql_implementation_info,0,0,,,0,0,0,0,0,0,0,0,,,0,0,0,0
1416628002.56635,pg_catalog,pg_opfamily,0,0,0,0,0,0,0,0,0,0,0,0,0,0,,,,
1416628002.56635,pg_catalog,pg_auth_members,0,0,0,0,0,0,0,0,0,0,0,0,0,0,,,,
1416628002.56635,pg_catalog,pg_operator,0,0,263617,1377234,0,0,0,0,0,0,6559,953833,5813,571432,,,,
1416628002.56635,information_schema,sql_languages,0,0,,,0,0,0,0,0,0,0,0,,,0,0,0,0
1416628002.56635,pg_toast,pg_toast_12693,0,0,0,0,0,0,0,0,0,0,0,0,0,0,,,,
1416628002.56635,pg_catalog,pg_attribute,2519,17175,680665,1535880,6702,180,6524,151,2514,63,22905,760680,6243,1424750,,,,
1416628002.56635,pg_toast,pg_toast_12698,0,0,0,0,0,0,0,0,0,0,0,0,0,0,,,,
1416628002.56635,pg_catalog,pg_tablespace,2,4,24064,24064,0,0,0,0,0,0,635,23431,1323,46913,,,,
1416628002.56635,pg_catalog,pg_statistic,0,0,187899,180879,1478,4273,1412,3610,467,55,17777,175321,2016,402704,44199,180467,2624,273938
1416628002.56635,pg_toast,pg_toast_12703,0,0,0,0,0,0,0,0,0,0,0,0,0,0,,,,
1416628002.56635,information_schema,sql_packages,0,0,,,0,0,0,0,0,0,0,0,,,0,0,0,0
1416628002.56635,information_schema,sql_sizing_profiles,0,0,,,0,0,0,0,0,0,0,0,,,0,0,0,0
1416628002.56635,pg_catalog,pg_aggregate,0,0,18262,18262,0,0,0,0,0,0,1270,16992,2933,28893,,,,
1416628002.56635,public,part,32,20000000,439,8223113,2000000,0,0,0,2000000,0,499712,491004,55307,1465,,,,
1416628002.56635,pg_catalog,pg_inherits,0,0,1049,0,0,0,0,0,0,0,0,0,524,525,,,,
1416628002.56635,pg_catalog,pg_enum,0,0,0,0,0,0,0,0,0,0,0,0,0,0,,,,
1416628002.56635,public,region,12710,63320,110,110,5,0,0,0,5,0,11,12773,14,139,,,,
1416628002.56635,pg_toast,pg_toast_2396,0,0,0,0,0,0,0,0,0,0,0,0,0,0,,,,
1416628002.56635,pg_catalog,pg_pltemplate,0,0,0,0,0,0,0,0,0,0,0,0,0,0,,,,
1416628002.56635,pg_toast,pg_toast_2618,0,0,3278,10468,0,0,0,0,0,0,2030,1990,587,4701,,,,
1416628002.56635,pg_toast,pg_toast_3596,0,0,0,0,0,0,0,0,0,0,0,0,0,0,,,,
1416628002.56635,information_schema,sql_features,0,0,,,0,0,0,0,0,0,0,0,,,0,0,0,0
1416628002.56635,pg_toast,pg_toast_2606,0,0,0,0,0,0,0,0,0,0,0,0,0,0,,,,
1416628002.56635,pg_toast,pg_toast_12723,0,0,0,0,0,0,0,0,0,0,0,0,0,0,,,,
1416628002.56635,pg_toast,pg_toast_2964,0,0,0,0,0,0,0,0,0,0,0,0,0,0,,,,
1416628002.56635,pg_catalog,pg_database,3558,13806,118197,118195,1,0,0,0,1,0,259,121495,1705,189155,,,,
1416628002.56635,information_schema,sql_sizing,0,0,,,0,0,0,0,0,0,0,0,,,0,0,0,0
1416628002.56635,pg_toast,pg_toast_2620,0,0,0,0,0,0,0,0,0,0,0,0,0,0,,,,
1416628002.56635,pg_catalog,pg_depend,0,0,43702,47009,8074,0,7985,0,7106,480,8321,54160,11981,112663,,,,
1416628002.56635,pg_catalog,pg_language,0,0,0,0,0,0,0,0,0,0,0,0,0,0,,,,
1416628002.56635,pg_catalog,pg_amproc,458,916,154657,319857,0,0,0,0,0,0,1606,152045,1320,342923,,,,
1416628002.56635,public,supplier,31,900000,3402277,5478025,100000,0,0,0,100000,0,19685,3461617,1939,6821853,,,,
1416628002.56635,public,orders,70,225150000,10939082,206089069,15060000,0,45000,0,15015000,45000,3151786,16494148,224485,33120763,,,,
1416628002.56635,pg_catalog,pg_collation,0,0,0,0,0,0,0,0,0,0,0,0,0,0,,,,
1416628002.56635,pg_toast,pg_toast_12708,0,0,0,0,0,0,0,0,0,0,0,0,0,0,,,,
1416628002.56635,pg_catalog,pg_range,0,0,8139,0,0,0,0,0,0,0,0,0,2987,13291,,,,
1416628002.56635,pg_toast,pg_toast_2609,0,0,0,0,0,0,0,0,0,0,0,0,0,0,,,,
1416628002.56635,pg_catalog,pg_opclass,458,458,211533,2319470,0,0,0,0,0,0,1361,923474,3053,257701,,,,
1416628002.56635,pg_catalog,pg_rewrite,0,0,8080,6313,589,0,589,0,110,71,4235,6998,1916,11850,2030,1990,1174,9402
1416628002.56635,pg_toast,pg_toast_1255,0,0,0,0,0,0,0,0,0,0,0,0,0,0,,,,
1416628002.56635,pg_catalog,pg_seclabel,0,0,4621,0,0,0,0,0,0,0,0,0,477,4144,0,0,0,0
1416628002.56635,public,lineitem,98,1680379295,12038218,1129985011,60225420,0,180117,0,60045374,180117,28627690,61309238,1876090,50966042,,,,
1416628002.56635,pg_catalog,pg_ts_parser,0,0,0,0,0,0,0,0,0,0,0,0,0,0,,,,
1416628002.56635,pg_catalog,pg_trigger,0,0,0,0,0,0,0,0,0,0,0,0,0,0,0,0,0,0
1416628002.56635,pg_catalog,pg_shseclabel,0,0,0,0,0,0,0,0,0,0,0,0,0,0,,,,
1416628002.56635,pg_catalog,pg_event_trigger,0,0,1743,0,0,0,0,0,0,0,0,0,523,1220,,,,
1416628002.56635,pg_catalog,pg_foreign_table,0,0,0,0,0,0,0,0,0,0,0,0,0,0,,,,
1416628002.56635,pg_catalog,pg_extension,0,0,0,0,0,0,0,0,0,0,0,0,0,0,,,,
1416628002.56635,public,time_statistics,71,3566,,,94,71,0,70,94,33,9,235,,,,,,
1416628002.56635,pg_catalog,pg_ts_config,0,0,0,0,0,0,0,0,0,0,0,0,0,0,,,,
1416628002.56635,public,customer,59,22500000,439,54272891,1500000,0,0,0,1500000,0,290078,1908053,24029,1581,,,,
1416628002.56635,pg_catalog,pg_shdescription,0,0,0,0,0,0,0,0,0,0,0,0,0,0,0,0,0,0
1416628002.56635,pg_catalog,pg_cast,0,0,1139960,270251,0,0,0,0,0,0,1369,268882,844,1171582,,,,
1416628002.56635,pg_catalog,pg_amop,0,0,298846,527969,0,0,0,0,0,0,2312,505458,5336,632284,,,,
1416628002.56635,pg_catalog,pg_user_mapping,0,0,0,0,0,0,0,0,0,0,0,0,0,0,,,,
1416628002.56635,pg_catalog,pg_type,0,0,804833,796908,2100,0,2081,0,366,10,5023,800987,7751,1654034,,,,
1416628002.56635,information_schema,sql_parts,0,0,,,0,0,0,0,0,0,0,0,,,0,0,0,0
1416628002.56635,pg_catalog,pg_largeobject,0,0,0,0,0,0,0,0,0,0,0,0,0,0,,,,
1416628002.56635,pg_catalog,pg_ts_config_map,0,0,0,0,0,0,0,0,0,0,0,0,0,0,,,,
1416628002.56635,pg_catalog,pg_largeobject_metadata,0,0,0,0,0,0,0,0,0,0,0,0,0,0,,,,
1416628002.56635,pg_catalog,pg_am,40334,40334,0,0,0,0,0,0,0,0,437,39897,0,0,,,,
1416628002.56635,pg_toast,pg_toast_12718,0,0,0,0,0,0,0,0,0,0,0,0,0,0,,,,
1416628002.56635,pg_catalog,pg_ts_template,0,0,0,0,0,0,0,0,0,0,0,0,0,0,,,,
1416628002.56635,pg_catalog,pg_foreign_server,0,0,0,0,0,0,0,0,0,0,0,0,0,0,,,,
1416628002.56635,pg_catalog,pg_namespace,1408,46750,178953,145444,42,0,0,0,42,0,446,146512,2117,212816,,,,
1416628002.56635,pg_toast,pg_toast_2619,0,0,136256,460789,5390,0,5138,0,262,21,44199,180467,2624,273938,,,,
1416628002.56635,pg_catalog,pg_authid,776,776,67336,67336,0,0,0,0,0,0,376,67736,1773,132899,,,,
1416628002.56635,pg_catalog,pg_default_acl,0,0,4236,0,0,0,0,0,0,0,0,0,478,3758,,,,
1416628002.56635,public,partsupp,65,80000000,78385,312934,8000000,0,0,0,8000000,0,1394566,1526640,71657,186765,,,,
1416628002.56635,pg_catalog,pg_shdepend,0,0,5724,1102,0,0,0,0,0,0,522,580,2046,5788,,,,
1416628002.56635,pg_catalog,pg_constraint,0,0,280,136,144,0,136,0,10,24,80,795,144,1432,0,0,0,0
1416628002.56635,public,nation,150,725,51183,51255,25,0,0,0,25,0,11,51211,21,51285,,,,
1416628002.56635,pg_catalog,pg_index,4774,446558,369895,530437,794,0,766,0,143,50,4001,519046,2529,423626,,,,
1416628002.56635,pg_catalog,pg_ts_dict,0,0,0,0,0,0,0,0,0,0,0,0,0,0,,,,
1416628002.56635,pg_toast,pg_toast_2604,0,0,0,0,0,0,0,0,0,0,0,0,0,0,,,,
1416628002.56635,pg_catalog,pg_proc,0,0,296883,440945,0,0,0,0,0,0,28571,291499,11835,646015,0,0,0,0
1416628062.56967,pg_catalog,pg_attrdef,0,0,0,0,0,0,0,0,0,0,0,0,0,0,0,0,0,0
1416628062.56967,pg_catalog,pg_db_role_setting,0,0,145852,0,0,0,0,0,0,0,0,0,367,145485,0,0,0,0
1416628062.56967,pg_toast,pg_toast_12713,0,0,0,0,0,0,0,0,0,0,0,0,0,0,,,,
1416628062.56967,pg_catalog,pg_rowsecurity,0,0,0,0,0,0,0,0,0,0,0,0,0,0,,,,
1416628062.56967,pg_catalog,pg_description,0,0,4637,0,0,0,0,0,0,0,0,0,1485,8842,0,0,0,0
1416628062.56967,pg_catalog,pg_foreign_data_wrapper,0,0,0,0,0,0,0,0,0,0,0,0,0,0,,,,
1416628062.56967,pg_catalog,pg_conversion,0,0,0,0,0,0,0,0,0,0,0,0,0,0,,,,
1416628062.56967,pg_catalog,pg_class,12278,2756528,832059,760430,1859,591,1821,579,339,16,7614,871146,7355,1741815,,,,
1416628062.56967,information_schema,sql_implementation_info,0,0,,,0,0,0,0,0,0,0,0,,,0,0,0,0
1416628062.56967,pg_catalog,pg_opfamily,0,0,0,0,0,0,0,0,0,0,0,0,0,0,,,,
1416628062.56967,pg_catalog,pg_auth_members,0,0,0,0,0,0,0,0,0,0,0,0,0,0,,,,
1416628062.56967,pg_catalog,pg_operator,0,0,264144,1380852,0,0,0,0,0,0,6570,956272,5821,572606,,,,
1416628062.56967,information_schema,sql_languages,0,0,,,0,0,0,0,0,0,0,0,,,0,0,0,0
1416628062.56967,pg_toast,pg_toast_12693,0,0,0,0,0,0,0,0,0,0,0,0,0,0,,,,
1416628062.56967,pg_catalog,pg_attribute,2530,17250,682058,1539196,6722,180,6544,151,2514,83,22996,762314,6261,1427709,,,,
1416628062.56967,pg_toast,pg_toast_12698,0,0,0,0,0,0,0,0,0,0,0,0,0,0,,,,
1416628062.56967,pg_catalog,pg_tablespace,2,4,24126,24126,0,0,0,0,0,0,635,23493,1323,47037,,,,
1416628062.56967,pg_catalog,pg_statistic,0,0,188238,181208,1480,4273,1414,3610,467,57,17831,175606,2018,403446,44346,180663,2634,274402
1416628062.56967,pg_toast,pg_toast_12703,0,0,0,0,0,0,0,0,0,0,0,0,0,0,,,,
1416628062.56967,information_schema,sql_packages,0,0,,,0,0,0,0,0,0,0,0,,,0,0,0,0
1416628062.56967,information_schema,sql_sizing_profiles,0,0,,,0,0,0,0,0,0,0,0,,,0,0,0,0
1416628062.56967,pg_catalog,pg_aggregate,0,0,18297,18297,0,0,0,0,0,0,1275,17022,2945,28942,,,,
1416628062.56967,public,part,32,20000000,488,12268626,2000000,0,0,0,2000000,0,602267,507711,61108,1553,,,,
1416628062.56967,pg_catalog,pg_inherits,0,0,1053,0,0,0,0,0,0,0,0,0,527,526,,,,
1416628062.56967,pg_catalog,pg_enum,0,0,0,0,0,0,0,0,0,0,0,0,0,0,,,,
1416628062.56967,public,region,19311,96320,120,120,5,0,0,0,5,0,13,19381,19,148,,,,
1416628062.56967,pg_toast,pg_toast_2396,0,0,0,0,0,0,0,0,0,0,0,0,0,0,,,,
1416628062.56967,pg_catalog,pg_pltemplate,0,0,0,0,0,0,0,0,0,0,0,0,0,0,,,,
1416628062.56967,pg_toast,pg_toast_2618,0,0,3283,10484,0,0,0,0,0,0,2035,1991,589,4707,,,,
1416628062.56967,pg_toast,pg_toast_3596,0,0,0,0,0,0,0,0,0,0,0,0,0,0,,,,
1416628062.56967,information_schema,sql_features,0,0,,,0,0,0,0,0,0,0,0,,,0,0,0,0
1416628062.56967,pg_toast,pg_toast_2606,0,0,0,0,0,0,0,0,0,0,0,0,0,0,,,,
1416628062.56967,pg_toast,pg_toast_12723,0,0,0,0,0,0,0,0,0,0,0,0,0,0,,,,
1416628062.56967,pg_toast,pg_toast_2964,0,0,0,0,0,0,0,0,0,0,0,0,0,0,,,,
1416628062.56967,pg_catalog,pg_database,3561,13818,118506,118504,1,0,0,0,1,0,259,121807,1705,189658,,,,
1416628062.56967,information_schema,sql_sizing,0,0,,,0,0,0,0,0,0,0,0,,,0,0,0,0
1416628062.56967,pg_toast,pg_toast_2620,0,0,0,0,0,0,0,0,0,0,0,0,0,0,,,,
1416628062.56967,pg_catalog,pg_depend,0,0,43852,47161,8100,0,8011,0,7106,506,8364,54322,12030,113026,,,,
1416628062.56967,pg_catalog,pg_language,0,0,0,0,0,0,0,0,0,0,0,0,0,0,,,,
1416628062.56967,pg_catalog,pg_amproc,460,920,155028,320924,0,0,0,0,0,0,1617,152405,1323,343758,,,,
1416628062.56967,public,supplier,34,1200000,3453438,6537206,100000,0,0,0,100000,0,19685,3541619,1959,6924760,,,,
1416628062.56967,public,orders,79,360240000,14361882,254511866,15075000,0,75000,0,15000000,75000,3817882,22333032,240513,43496919,,,,
1416628062.56967,pg_catalog,pg_collation,0,0,0,0,0,0,0,0,0,0,0,0,0,0,,,,
1416628062.56967,pg_toast,pg_toast_12708,0,0,0,0,0,0,0,0,0,0,0,0,0,0,,,,
1416628062.56967,pg_catalog,pg_range,0,0,8170,0,0,0,0,0,0,0,0,0,2993,13347,,,,
1416628062.56967,pg_toast,pg_toast_2609,0,0,0,0,0,0,0,0,0,0,0,0,0,0,,,,
1416628062.56967,pg_catalog,pg_opclass,460,460,211963,2323198,0,0,0,0,0,0,1363,925024,3061,258243,,,,
1416628062.56967,pg_catalog,pg_rewrite,0,0,8099,6326,591,0,591,0,110,3,4284,7065,1928,11872,2035,1991,1178,9414
1416628062.56967,pg_toast,pg_toast_1255,0,0,0,0,0,0,0,0,0,0,0,0,0,0,,,,
1416628062.56967,pg_catalog,pg_seclabel,0,0,4637,0,0,0,0,0,0,0,0,0,479,4158,0,0,0,0
1416628062.56967,public,lineitem,110,2400626159,17610865,1384230210,60285860,0,299552,0,59986379,299552,34723920,78942868,2276617,73961009,,,,
1416628062.56967,pg_catalog,pg_ts_parser,0,0,0,0,0,0,0,0,0,0,0,0,0,0,,,,
1416628062.56967,pg_catalog,pg_trigger,0,0,0,0,0,0,0,0,0,0,0,0,0,0,0,0,0,0
1416628062.56967,pg_catalog,pg_shseclabel,0,0,0,0,0,0,0,0,0,0,0,0,0,0,,,,
1416628062.56967,pg_catalog,pg_event_trigger,0,0,1747,0,0,0,0,0,0,0,0,0,526,1221,,,,
1416628062.56967,pg_catalog,pg_foreign_table,0,0,0,0,0,0,0,0,0,0,0,0,0,0,,,,
1416628062.56967,pg_catalog,pg_extension,0,0,0,0,0,0,0,0,0,0,0,0,0,0,,,,
1416628062.56967,public,time_statistics,101,6818,,,124,101,0,96,124,50,16,386,,,,,,
1416628062.56967,pg_catalog,pg_ts_config,0,0,0,0,0,0,0,0,0,0,0,0,0,0,,,,
1416628062.56967,public,customer,63,28500000,496,77344068,1500000,0,0,0,1500000,0,395911,2542974,25650,1702,,,,
1416628062.56967,pg_catalog,pg_shdescription,0,0,0,0,0,0,0,0,0,0,0,0,0,0,0,0,0,0
1416628062.56967,pg_catalog,pg_cast,0,0,1142674,270821,0,0,0,0,0,0,1371,269450,844,1174388,,,,
1416628062.56967,pg_catalog,pg_amop,0,0,299356,528937,0,0,0,0,0,0,2315,506374,5347,633385,,,,
1416628062.56967,pg_catalog,pg_user_mapping,0,0,0,0,0,0,0,0,0,0,0,0,0,0,,,,
1416628062.56967,pg_catalog,pg_type,0,0,807144,799193,2108,0,2089,0,366,18,5039,803288,7767,1658786,,,,
1416628062.56967,information_schema,sql_parts,0,0,,,0,0,0,0,0,0,0,0,,,0,0,0,0
1416628062.56967,pg_catalog,pg_largeobject,0,0,0,0,0,0,0,0,0,0,0,0,0,0,,,,
1416628062.56967,pg_catalog,pg_ts_config_map,0,0,0,0,0,0,0,0,0,0,0,0,0,0,,,,
1416628062.56967,pg_catalog,pg_largeobject_metadata,0,0,0,0,0,0,0,0,0,0,0,0,0,0,,,,
1416628062.56967,pg_catalog,pg_am,40460,40460,0,0,0,0,0,0,0,0,437,40023,0,0,,,,
1416628062.56967,pg_toast,pg_toast_12718,0,0,0,0,0,0,0,0,0,0,0,0,0,0,,,,
1416628062.56967,pg_catalog,pg_ts_template,0,0,0,0,0,0,0,0,0,0,0,0,0,0,,,,
1416628062.56967,pg_catalog,pg_foreign_server,0,0,0,0,0,0,0,0,0,0,0,0,0,0,,,,
1416628062.56967,pg_catalog,pg_namespace,1410,46846,179371,145767,42,0,0,0,42,0,446,146837,2123,213328,,,,
1416628062.56967,pg_toast,pg_toast_2619,0,0,136473,461502,5394,0,5142,0,262,25,44346,180663,2634,274402,,,,
1416628062.56967,pg_catalog,pg_authid,777,777,67527,67527,0,0,0,0,0,0,376,67928,1773,133281,,,,
1416628062.56967,pg_catalog,pg_default_acl,0,0,4252,0,0,0,0,0,0,0,0,0,480,3772,,,,
1416628062.56967,public,partsupp,69,112000000,84987,339324,8000000,0,0,0,8000000,0,1893582,1718810,76166,202179,,,,
1416628062.56967,pg_catalog,pg_shdepend,0,0,5744,1106,0,0,0,0,0,0,525,581,2057,5805,,,,
1416628062.56967,pg_catalog,pg_constraint,0,0,280,136,144,0,136,0,10,24,80,795,144,1432,0,0,0,0
1416628062.56967,public,nation,159,950,77615,77735,25,0,0,0,25,0,14,77649,30,77716,,,,
1416628062.56967,pg_catalog,pg_index,4786,447280,370670,531532,796,0,768,0,143,52,4010,520149,2533,424531,,,,
1416628062.56967,pg_catalog,pg_ts_dict,0,0,0,0,0,0,0,0,0,0,0,0,0,0,,,,
1416628062.56967,pg_toast,pg_toast_2604,0,0,0,0,0,0,0,0,0,0,0,0,0,0,,,,
1416628062.56967,pg_catalog,pg_proc,0,0,297544,441887,0,0,0,0,0,0,28660,292116,11862,647497,0,0,0,0
1416628122.57163,pg_catalog,pg_attrdef,0,0,0,0,0,0,0,0,0,0,0,0,0,0,0,0,0,0
1416628122.57163,pg_catalog,pg_db_role_setting,0,0,146096,0,0,0,0,0,0,0,0,0,369,145727,0,0,0,0
1416628122.57163,pg_toast,pg_toast_12713,0,0,0,0,0,0,0,0,0,0,0,0,0,0,,,,
1416628122.57163,pg_catalog,pg_rowsecurity,0,0,0,0,0,0,0,0,0,0,0,0,0,0,,,,
1416628122.57163,pg_catalog,pg_description,0,0,4641,0,0,0,0,0,0,0,0,0,1488,8848,0,0,0,0
1416628122.57163,pg_catalog,pg_foreign_data_wrapper,0,0,0,0,0,0,0,0,0,0,0,0,0,0,,,,
1416628122.57163,pg_catalog,pg_conversion,0,0,0,0,0,0,0,0,0,0,0,0,0,0,,,,
1416628122.57163,pg_catalog,pg_class,12288,2759578,833216,761476,1861,591,1823,579,339,18,7644,872273,7387,1744234,,,,
1416628122.57163,information_schema,sql_implementation_info,0,0,,,0,0,0,0,0,0,0,0,,,0,0,0,0
1416628122.57163,pg_catalog,pg_opfamily,0,0,0,0,0,0,0,0,0,0,0,0,0,0,,,,
1416628122.57163,pg_catalog,pg_auth_members,0,0,0,0,0,0,0,0,0,0,0,0,0,0,,,,
1416628122.57163,pg_catalog,pg_operator,0,0,264480,1383341,0,0,0,0,0,0,6629,957902,5857,573324,,,,
1416628122.57163,information_schema,sql_languages,0,0,,,0,0,0,0,0,0,0,0,,,0,0,0,0
1416628122.57163,pg_toast,pg_toast_12693,0,0,0,0,0,0,0,0,0,0,0,0,0,0,,,,
1416628122.57163,pg_catalog,pg_attribute,2530,17250,682931,1541128,6730,180,6552,151,2514,91,23097,763185,6283,1429534,,,,
1416628122.57163,pg_toast,pg_toast_12698,0,0,0,0,0,0,0,0,0,0,0,0,0,0,,,,
1416628122.57163,pg_catalog,pg_tablespace,2,4,24164,24164,0,0,0,0,0,0,641,23525,1335,47101,,,,
1416628122.57163,pg_catalog,pg_statistic,0,0,188464,181427,1481,4276,1415,3612,467,58,17894,175776,2031,403928,44448,180778,2650,274691
1416628122.57163,pg_toast,pg_toast_12703,0,0,0,0,0,0,0,0,0,0,0,0,0,0,,,,
1416628122.57163,information_schema,sql_packages,0,0,,,0,0,0,0,0,0,0,0,,,0,0,0,0
1416628122.57163,information_schema,sql_sizing_profiles,0,0,,,0,0,0,0,0,0,0,0,,,0,0,0,0
1416628122.57163,pg_catalog,pg_aggregate,0,0,18316,18316,0,0,0,0,0,0,1280,17036,2956,28965,,,,
1416628122.57163,public,part,33,22000000,529,14330141,2000000,0,0,0,2000000,0,723946,516559,67042,1612,,,,
1416628122.57163,pg_catalog,pg_inherits,0,0,1054,0,0,0,0,0,0,0,0,0,528,526,,,,
1416628122.57163,pg_catalog,pg_enum,0,0,0,0,0,0,0,0,0,0,0,0,0,0,,,,
1416628122.57163,public,region,25806,128790,126,126,5,0,0,0,5,0,15,25879,23,152,,,,
1416628122.57163,pg_toast,pg_toast_2396,0,0,0,0,0,0,0,0,0,0,0,0,0,0,,,,
1416628122.57163,pg_catalog,pg_pltemplate,0,0,0,0,0,0,0,0,0,0,0,0,0,0,,,,
1416628122.57163,pg_toast,pg_toast_2618,0,0,3288,10500,0,0,0,0,0,0,2040,1992,591,4713,,,,
1416628122.57163,pg_toast,pg_toast_3596,0,0,0,0,0,0,0,0,0,0,0,0,0,0,,,,
1416628122.57163,information_schema,sql_features,0,0,,,0,0,0,0,0,0,0,0,,,0,0,0,0
1416628122.57163,pg_toast,pg_toast_2606,0,0,0,0,0,0,0,0,0,0,0,0,0,0,,,,
1416628122.57163,pg_toast,pg_toast_12723,0,0,0,0,0,0,0,0,0,0,0,0,0,0,,,,
1416628122.57163,pg_toast,pg_toast_2964,0,0,0,0,0,0,0,0,0,0,0,0,0,0,,,,
1416628122.57163,pg_catalog,pg_database,3564,13830,118707,118705,1,0,0,0,1,0,261,122009,1713,189973,,,,
1416628122.57163,information_schema,sql_sizing,0,0,,,0,0,0,0,0,0,0,0,,,0,0,0,0
1416628122.57163,pg_toast,pg_toast_2620,0,0,0,0,0,0,0,0,0,0,0,0,0,0,,,,
1416628122.57163,pg_catalog,pg_depend,0,0,43883,47185,8104,0,8015,0,7106,510,8376,54352,12052,113084,,,,
1416628122.57163,pg_catalog,pg_language,0,0,0,0,0,0,0,0,0,0,0,0,0,0,,,,
1416628122.57163,pg_catalog,pg_amproc,460,920,155255,321579,0,0,0,0,0,0,1629,152613,1333,344262,,,,
1416628122.57163,public,supplier,35,1300000,6776471,10660231,100000,0,0,0,100000,0,21861,6882079,2250,13588398,,,,
1416628122.57163,public,orders,83,420300000,18039703,273204686,15105000,0,90000,0,15015000,90000,4715436,26403051,273363,54728047,,,,
1416628122.57163,pg_catalog,pg_collation,0,0,0,0,0,0,0,0,0,0,0,0,0,0,,,,
1416628122.57163,pg_toast,pg_toast_12708,0,0,0,0,0,0,0,0,0,0,0,0,0,0,,,,
1416628122.57163,pg_catalog,pg_range,0,0,8189,0,0,0,0,0,0,0,0,0,3005,13373,,,,
1416628122.57163,pg_toast,pg_toast_2609,0,0,0,0,0,0,0,0,0,0,0,0,0,0,,,,
1416628122.57163,pg_catalog,pg_opclass,460,460,212227,2325545,0,0,0,0,0,0,1371,925980,3073,258571,,,,
1416628122.57163,pg_catalog,pg_rewrite,0,0,8106,6333,591,0,591,0,110,3,4289,7067,1930,11882,2040,1992,1182,9426
1416628122.57163,pg_toast,pg_toast_1255,0,0,0,0,0,0,0,0,0,0,0,0,0,0,,,,
1416628122.57163,pg_catalog,pg_seclabel,0,0,4641,0,0,0,0,0,0,0,0,0,480,4161,0,0,0,0
1416628122.57163,public,lineitem,116,2760842522,19930377,1526206795,60405001,0,359691,0,60045381,359691,40548661,99935547,2814030,84853322,,,,
1416628122.57163,pg_catalog,pg_ts_parser,0,0,0,0,0,0,0,0,0,0,0,0,0,0,,,,
1416628122.57163,pg_catalog,pg_trigger,0,0,0,0,0,0,0,0,0,0,0,0,0,0,0,0,0,0
1416628122.57163,pg_catalog,pg_shseclabel,0,0,0,0,0,0,0,0,0,0,0,0,0,0,,,,
1416628122.57163,pg_catalog,pg_event_trigger,0,0,1748,0,0,0,0,0,0,0,0,0,527,1221,,,,
1416628122.57163,pg_catalog,pg_foreign_table,0,0,0,0,0,0,0,0,0,0,0,0,0,0,,,,
1416628122.57163,pg_catalog,pg_extension,0,0,0,0,0,0,0,0,0,0,0,0,0,0,,,,
1416628122.57163,public,time_statistics,119,9202,,,142,119,0,114,142,45,34,460,,,,,,
1416628122.57163,pg_catalog,pg_ts_config,0,0,0,0,0,0,0,0,0,0,0,0,0,0,,,,
1416628122.57163,public,customer,66,33000000,517,84844084,1500000,0,0,0,1500000,0,431223,2789902,25669,1754,,,,
1416628122.57163,pg_catalog,pg_shdescription,0,0,0,0,0,0,0,0,0,0,0,0,0,0,0,0,0,0
1416628122.57163,pg_catalog,pg_cast,0,0,1144505,271206,0,0,0,0,0,0,1380,269826,850,1176270,,,,
1416628122.57163,pg_catalog,pg_amop,0,0,299676,529535,0,0,0,0,0,0,2334,506921,5373,634057,,,,
1416628122.57163,pg_catalog,pg_user_mapping,0,0,0,0,0,0,0,0,0,0,0,0,0,0,,,,
1416628122.57163,pg_catalog,pg_type,0,0,808632,800675,2110,0,2091,0,366,20,5059,804757,7790,1661817,,,,
1416628122.57163,information_schema,sql_parts,0,0,,,0,0,0,0,0,0,0,0,,,0,0,0,0
1416628122.57163,pg_catalog,pg_largeobject,0,0,0,0,0,0,0,0,0,0,0,0,0,0,,,,
1416628122.57163,pg_catalog,pg_ts_config_map,0,0,0,0,0,0,0,0,0,0,0,0,0,0,,,,
1416628122.57163,pg_catalog,pg_largeobject_metadata,0,0,0,0,0,0,0,0,0,0,0,0,0,0,,,,
1416628122.57163,pg_catalog,pg_am,40538,40538,0,0,0,0,0,0,0,0,439,40099,0,0,,,,
1416628122.57163,pg_toast,pg_toast_12718,0,0,0,0,0,0,0,0,0,0,0,0,0,0,,,,
1416628122.57163,pg_catalog,pg_ts_template,0,0,0,0,0,0,0,0,0,0,0,0,0,0,,,,
1416628122.57163,pg_catalog,pg_foreign_server,0,0,0,0,0,0,0,0,0,0,0,0,0,0,,,,
1416628122.57163,pg_catalog,pg_namespace,1412,46942,179685,146022,42,0,0,0,42,0,449,147091,2133,213694,,,,
1416628122.57163,pg_toast,pg_toast_2619,0,0,136614,461963,5396,0,5144,0,262,27,44448,180778,2650,274691,,,,
1416628122.57163,pg_catalog,pg_authid,778,778,67646,67646,0,0,0,0,0,0,378,68046,1783,133509,,,,
1416628122.57163,pg_catalog,pg_default_acl,0,0,4256,0,0,0,0,0,0,0,0,0,481,3775,,,,
1416628122.57163,public,partsupp,73,144000000,113123,451826,8000000,0,0,0,8000000,0,2533887,1793540,94537,268733,,,,
1416628122.57163,pg_catalog,pg_shdepend,0,0,5749,1107,0,0,0,0,0,0,526,581,2061,5808,,,,
1416628122.57163,pg_catalog,pg_constraint,0,0,280,136,144,0,136,0,10,24,80,795,144,1432,0,0,0,0
1416628122.57163,public,nation,168,1175,103613,103733,25,0,0,0,25,0,17,103653,41,103709,,,,
1416628122.57163,pg_catalog,pg_index,4791,447995,371118,532177,797,0,769,0,143,53,4033,520792,2546,425051,,,,
1416628122.57163,pg_catalog,pg_ts_dict,0,0,0,0,0,0,0,0,0,0,0,0,0,0,,,,
1416628122.57163,pg_toast,pg_toast_2604,0,0,0,0,0,0,0,0,0,0,0,0,0,0,,,,
1416628122.57163,pg_catalog,pg_proc,0,0,297972,442489,0,0,0,0,0,0,28753,292476,11920,648410,0,0,0,0
1416628182.57439,pg_catalog,pg_attrdef,0,0,0,0,0,0,0,0,0,0,0,0,0,0,0,0,0,0
1416628182.57439,pg_catalog,pg_db_role_setting,0,0,146432,0,0,0,0,0,0,0,0,0,370,146062,0,0,0,0
1416628182.57439,pg_toast,pg_toast_12713,0,0,0,0,0,0,0,0,0,0,0,0,0,0,,,,
1416628182.57439,pg_catalog,pg_rowsecurity,0,0,0,0,0,0,0,0,0,0,0,0,0,0,,,,
1416628182.57439,pg_catalog,pg_description,0,0,4653,0,0,0,0,0,0,0,0,0,1495,8868,0,0,0,0
1416628182.57439,pg_catalog,pg_foreign_data_wrapper,0,0,0,0,0,0,0,0,0,0,0,0,0,0,,,,
1416628182.57439,pg_catalog,pg_conversion,0,0,0,0,0,0,0,0,0,0,0,0,0,0,,,,
1416628182.57439,pg_catalog,pg_class,12315,2762645,834927,763016,1866,592,1828,580,337,22,7682,874000,7424,1747842,,,,
1416628182.57439,information_schema,sql_implementation_info,0,0,,,0,0,0,0,0,0,0,0,,,0,0,0,0
1416628182.57439,pg_catalog,pg_opfamily,0,0,0,0,0,0,0,0,0,0,0,0,0,0,,,,
1416628182.57439,pg_catalog,pg_auth_members,0,0,0,0,0,0,0,0,0,0,0,0,0,0,,,,
1416628182.57439,pg_catalog,pg_operator,0,0,264983,1386678,0,0,0,0,0,0,6681,960092,5893,574415,,,,
1416628182.57439,information_schema,sql_languages,0,0,,,0,0,0,0,0,0,0,0,,,0,0,0,0
1416628182.57439,pg_toast,pg_toast_12693,0,0,0,0,0,0,0,0,0,0,0,0,0,0,,,,
1416628182.57439,pg_catalog,pg_attribute,2541,17325,684321,1544303,6748,180,6570,151,2514,109,23223,764761,6319,1432452,,,,
1416628182.57439,pg_toast,pg_toast_12698,0,0,0,0,0,0,0,0,0,0,0,0,0,0,,,,
1416628182.57439,pg_catalog,pg_tablespace,2,4,24218,24218,0,0,0,0,0,0,645,23575,1343,47201,,,,
1416628182.57439,pg_catalog,pg_statistic,0,0,188865,181819,1483,4336,1417,3664,467,107,17968,176184,2042,404798,44637,180972,2669,275195
1416628182.57439,pg_toast,pg_toast_12703,0,0,0,0,0,0,0,0,0,0,0,0,0,0,,,,
1416628182.57439,information_schema,sql_packages,0,0,,,0,0,0,0,0,0,0,0,,,0,0,0,0
1416628182.57439,information_schema,sql_sizing_profiles,0,0,,,0,0,0,0,0,0,0,0,,,0,0,0,0
1416628182.57439,pg_catalog,pg_aggregate,0,0,18355,18355,0,0,0,0,0,0,1286,17069,2970,29014,,,,
1416628182.57439,public,part,37,30000000,569,18343601,2000000,0,0,0,2000000,0,909133,586748,72624,1709,,,,
1416628182.57439,pg_catalog,pg_inherits,0,0,1057,0,0,0,0,0,0,0,0,0,531,526,,,,
1416628182.57439,pg_catalog,pg_enum,0,0,0,0,0,0,0,0,0,0,0,0,0,0,,,,
1416628182.57439,public,region,32318,161345,134,134,5,0,0,0,5,0,18,32395,29,157,,,,
1416628182.57439,pg_toast,pg_toast_2396,0,0,0,0,0,0,0,0,0,0,0,0,0,0,,,,
1416628182.57439,pg_catalog,pg_pltemplate,0,0,0,0,0,0,0,0,0,0,0,0,0,0,,,,
1416628182.57439,pg_toast,pg_toast_2618,0,0,3293,10516,0,0,0,0,0,0,2045,1993,593,4719,,,,
1416628182.57439,pg_toast,pg_toast_3596,0,0,0,0,0,0,0,0,0,0,0,0,0,0,,,,
1416628182.57439,information_schema,sql_features,0,0,,,0,0,0,0,0,0,0,0,,,0,0,0,0
1416628182.57439,pg_toast,pg_toast_2606,0,0,0,0,0,0,0,0,0,0,0,0,0,0,,,,
1416628182.57439,pg_toast,pg_toast_12723,0,0,0,0,0,0,0,0,0,0,0,0,0,0,,,,
1416628182.57439,pg_toast,pg_toast_2964,0,0,0,0,0,0,0,0,0,0,0,0,0,0,,,,
1416628182.57439,pg_catalog,pg_database,3567,13842,118977,118975,1,0,0,0,1,0,263,122280,1724,190400,,,,
1416628182.57439,information_schema,sql_sizing,0,0,,,0,0,0,0,0,0,0,0,,,0,0,0,0
1416628182.57439,pg_toast,pg_toast_2620,0,0,0,0,0,0,0,0,0,0,0,0,0,0,,,,
1416628182.57439,pg_catalog,pg_depend,0,0,43989,47285,8121,0,8032,0,7106,527,8413,54449,12120,113302,,,,
1416628182.57439,pg_catalog,pg_language,0,0,0,0,0,0,0,0,0,0,0,0,0,0,,,,
1416628182.57439,pg_catalog,pg_amproc,462,924,155638,322572,0,0,0,0,0,0,1641,152979,1342,345108,,,,
1416628182.57439,public,supplier,38,1600000,13352357,18146076,100000,0,0,0,100000,0,21861,13484406,2280,26776310,,,,
1416628182.57439,public,orders,94,585420000,24968012,310147993,15120000,0,120000,0,15000000,120000,6410359,34983266,274409,75655135,,,,
1416628182.57439,pg_catalog,pg_collation,0,0,0,0,0,0,0,0,0,0,0,0,0,0,,,,
1416628182.57439,pg_toast,pg_toast_12708,0,0,0,0,0,0,0,0,0,0,0,0,0,0,,,,
1416628182.57439,pg_catalog,pg_range,0,0,8218,0,0,0,0,0,0,0,0,0,3019,13417,,,,
1416628182.57439,pg_toast,pg_toast_2609,0,0,0,0,0,0,0,0,0,0,0,0,0,0,,,,
1416628182.57439,pg_catalog,pg_opclass,462,462,212684,2330469,0,0,0,0,0,0,1373,927921,3090,259127,,,,
1416628182.57439,pg_catalog,pg_rewrite,0,0,8119,6343,592,0,592,0,110,4,4300,7073,1938,11896,2045,1993,1186,9438
1416628182.57439,pg_toast,pg_toast_1255,0,0,0,0,0,0,0,0,0,0,0,0,0,0,,,,
1416628182.57439,pg_catalog,pg_seclabel,0,0,4653,0,0,0,0,0,0,0,0,0,482,4171,0,0,0,0
1416628182.57439,public,lineitem,125,3301192897,23663300,1804227790,60464756,0,480237,0,59984590,480237,48970012,135164921,3377760,100382202,,,,
1416628182.57439,pg_catalog,pg_ts_parser,0,0,0,0,0,0,0,0,0,0,0,0,0,0,,,,
1416628182.57439,pg_catalog,pg_trigger,0,0,0,0,0,0,0,0,0,0,0,0,0,0,0,0,0,0
1416628182.57439,pg_catalog,pg_shseclabel,0,0,0,0,0,0,0,0,0,0,0,0,0,0,,,,
1416628182.57439,pg_catalog,pg_event_trigger,0,0,1751,0,0,0,0,0,0,0,0,0,530,1221,,,,
1416628182.57439,pg_catalog,pg_foreign_table,0,0,0,0,0,0,0,0,0,0,0,0,0,0,,,,
1416628182.57439,pg_catalog,pg_extension,0,0,0,0,0,0,0,0,0,0,0,0,0,0,,,,
1416628182.57439,public,time_statistics,147,13553,,,170,147,0,142,170,50,56,581,,,,,,
1416628182.57439,pg_catalog,pg_ts_config,0,0,0,0,0,0,0,0,0,0,0,0,0,0,,,,
1416628182.57439,public,customer,70,39000000,615,102136530,1500000,0,0,0,1500000,0,713337,3283504,32117,1891,,,,
1416628182.57439,pg_catalog,pg_shdescription,0,0,0,0,0,0,0,0,0,0,0,0,0,0,0,0,0,0
1416628182.57439,pg_catalog,pg_cast,0,0,1147627,271825,0,0,0,0,0,0,1387,270438,855,1179474,,,,
1416628182.57439,pg_catalog,pg_amop,0,0,300218,530556,0,0,0,0,0,0,2346,507878,5398,635204,,,,
1416628182.57439,pg_catalog,pg_user_mapping,0,0,0,0,0,0,0,0,0,0,0,0,0,0,,,,
1416628182.57439,pg_catalog,pg_type,0,0,810894,802918,2116,0,2097,0,360,26,5094,806998,7831,1666435,,,,
1416628182.57439,information_schema,sql_parts,0,0,,,0,0,0,0,0,0,0,0,,,0,0,0,0
1416628182.57439,pg_catalog,pg_largeobject,0,0,0,0,0,0,0,0,0,0,0,0,0,0,,,,
1416628182.57439,pg_catalog,pg_ts_config_map,0,0,0,0,0,0,0,0,0,0,0,0,0,0,,,,
1416628182.57439,pg_catalog,pg_largeobject_metadata,0,0,0,0,0,0,0,0,0,0,0,0,0,0,,,,
1416628182.57439,pg_catalog,pg_am,40655,40655,0,0,0,0,0,0,0,0,442,40213,0,0,,,,
1416628182.57439,pg_toast,pg_toast_12718,0,0,0,0,0,0,0,0,0,0,0,0,0,0,,,,
1416628182.57439,pg_catalog,pg_ts_template,0,0,0,0,0,0,0,0,0,0,0,0,0,0,,,,
1416628182.57439,pg_catalog,pg_foreign_server,0,0,0,0,0,0,0,0,0,0,0,0,0,0,,,,
1416628182.57439,pg_catalog,pg_namespace,1414,47038,180089,146337,42,0,0,0,42,0,452,147405,2145,214179,,,,
1416628182.57439,pg_toast,pg_toast_2619,0,0,136852,462746,5404,0,5152,0,262,35,44637,180972,2669,275195,,,,
1416628182.57439,pg_catalog,pg_authid,779,779,67811,67811,0,0,0,0,0,0,381,68209,1795,133827,,,,
1416628182.57439,pg_catalog,pg_default_acl,0,0,4268,0,0,0,0,0,0,0,0,0,484,3784,,,,
1416628182.57439,public,partsupp,81,208000000,119653,477880,8000000,0,0,0,8000000,0,3639291,2063193,99013,283959,,,,
1416628182.57439,pg_catalog,pg_shdepend,0,0,5764,1110,0,0,0,0,0,0,529,581,2072,5818,,,,
1416628182.57439,pg_catalog,pg_constraint,0,0,280,136,144,0,136,0,10,24,80,795,144,1432,0,0,0,0
1416628182.57439,public,nation,182,1525,129698,129842,25,0,0,0,25,0,22,129747,55,129790,,,,
1416628182.57439,pg_catalog,pg_index,4803,448717,371847,533196,799,0,771,0,143,55,4055,521810,2558,425893,,,,
1416628182.57439,pg_catalog,pg_ts_dict,0,0,0,0,0,0,0,0,0,0,0,0,0,0,,,,
1416628182.57439,pg_toast,pg_toast_2604,0,0,0,0,0,0,0,0,0,0,0,0,0,0,,,,
1416628182.57439,pg_catalog,pg_proc,0,0,298631,443460,0,0,0,0,0,0,28890,293051,11985,649838,0,0,0,0
1416628242.57729,pg_catalog,pg_attrdef,0,0,0,0,0,0,0,0,0,0,0,0,0,0,0,0,0,0
1416628242.57729,pg_catalog,pg_db_role_setting,0,0,146812,0,0,0,0,0,0,0,0,0,370,146442,0,0,0,0
1416628242.57729,pg_toast,pg_toast_12713,0,0,0,0,0,0,0,0,0,0,0,0,0,0,,,,
1416628242.57729,pg_catalog,pg_rowsecurity,0,0,0,0,0,0,0,0,0,0,0,0,0,0,,,,
1416628242.57729,pg_catalog,pg_description,0,0,4665,0,0,0,0,0,0,0,0,0,1504,8886,0,0,0,0
1416628242.57729,pg_catalog,pg_foreign_data_wrapper,0,0,0,0,0,0,0,0,0,0,0,0,0,0,,,,
1416628242.57729,pg_catalog,pg_conversion,0,0,0,0,0,0,0,0,0,0,0,0,0,0,,,,
1416628242.57729,pg_catalog,pg_class,12329,2765699,836502,764430,1870,594,1832,582,337,26,7707,875544,7441,1751185,,,,
1416628242.57729,information_schema,sql_implementation_info,0,0,,,0,0,0,0,0,0,0,0,,,0,0,0,0
1416628242.57729,pg_catalog,pg_opfamily,0,0,0,0,0,0,0,0,0,0,0,0,0,0,,,,
1416628242.57729,pg_catalog,pg_auth_members,0,0,0,0,0,0,0,0,0,0,0,0,0,0,,,,
1416628242.57729,pg_catalog,pg_operator,0,0,265453,1389611,0,0,0,0,0,0,6682,962059,5911,575452,,,,
1416628242.57729,information_schema,sql_languages,0,0,,,0,0,0,0,0,0,0,0,,,0,0,0,0
1416628242.57729,pg_toast,pg_toast_12693,0,0,0,0,0,0,0,0,0,0,0,0,0,0,,,,
1416628242.57729,pg_catalog,pg_attribute,2541,17325,685530,1547044,6760,180,6582,151,2514,121,23315,766020,6342,1435001,,,,
1416628242.57729,pg_toast,pg_toast_12698,0,0,0,0,0,0,0,0,0,0,0,0,0,0,,,,
1416628242.57729,pg_catalog,pg_tablespace,2,4,24278,24278,0,0,0,0,0,0,646,23634,1345,47319,,,,
1416628242.57729,pg_catalog,pg_statistic,0,0,189182,182127,1484,4339,1418,3666,467,109,18030,176443,2045,405490,44819,181136,2685,275648
1416628242.57729,pg_toast,pg_toast_12703,0,0,0,0,0,0,0,0,0,0,0,0,0,0,,,,
1416628242.57729,information_schema,sql_packages,0,0,,,0,0,0,0,0,0,0,0,,,0,0,0,0
1416628242.57729,information_schema,sql_sizing_profiles,0,0,,,0,0,0,0,0,0,0,0,,,0,0,0,0
1416628242.57729,pg_catalog,pg_aggregate,0,0,18388,18388,0,0,0,0,0,0,1291,17097,2985,29056,,,,
1416628242.57729,public,part,40,36000000,624,22380813,2000000,0,0,0,2000000,0,1131852,596884,78396,1806,,,,
1416628242.57729,pg_catalog,pg_inherits,0,0,1060,0,0,0,0,0,0,0,0,0,534,526,,,,
1416628242.57729,pg_catalog,pg_enum,0,0,0,0,0,0,0,0,0,0,0,0,0,0,,,,
1416628242.57729,public,region,38894,194220,140,140,5,0,0,0,5,0,20,38974,33,161,,,,
1416628242.57729,pg_toast,pg_toast_2396,0,0,0,0,0,0,0,0,0,0,0,0,0,0,,,,
1416628242.57729,pg_catalog,pg_pltemplate,0,0,0,0,0,0,0,0,0,0,0,0,0,0,,,,
1416628242.57729,pg_toast,pg_toast_2618,0,0,3298,10532,0,0,0,0,0,0,2050,1994,595,4725,,,,
1416628242.57729,pg_toast,pg_toast_3596,0,0,0,0,0,0,0,0,0,0,0,0,0,0,,,,
1416628242.57729,information_schema,sql_features,0,0,,,0,0,0,0,0,0,0,0,,,0,0,0,0
1416628242.57729,pg_toast,pg_toast_2606,0,0,0,0,0,0,0,0,0,0,0,0,0,0,,,,
1416628242.57729,pg_toast,pg_toast_12723,0,0,0,0,0,0,0,0,0,0,0,0,0,0,,,,
1416628242.57729,pg_toast,pg_toast_2964,0,0,0,0,0,0,0,0,0,0,0,0,0,0,,,,
1416628242.57729,pg_catalog,pg_database,3570,13854,119279,119277,1,0,0,0,1,0,263,122585,1724,190892,,,,
1416628242.57729,information_schema,sql_sizing,0,0,,,0,0,0,0,0,0,0,0,,,0,0,0,0
1416628242.57729,pg_toast,pg_toast_2620,0,0,0,0,0,0,0,0,0,0,0,0,0,0,,,,
1416628242.57729,pg_catalog,pg_depend,0,0,44108,47413,8143,0,8054,0,7106,549,8450,54570,12168,113586,,,,
1416628242.57729,pg_catalog,pg_language,0,0,0,0,0,0,0,0,0,0,0,0,0,0,,,,
1416628242.57729,pg_catalog,pg_amproc,462,924,155983,323521,0,0,0,0,0,0,1658,153296,1345,345883,,,,
1416628242.57729,public,supplier,40,1800000,19944611,25722336,100000,0,0,0,100000,0,21861,20102737,2299,39997869,,,,
1416628242.57729,public,orders,103,720540000,31906977,377116954,15150000,0,135000,0,15015000,135000,8243718,43426345,278492,96716547,,,,
1416628242.57729,pg_catalog,pg_collation,0,0,0,0,0,0,0,0,0,0,0,0,0,0,,,,
1416628242.57729,pg_toast,pg_toast_12708,0,0,0,0,0,0,0,0,0,0,0,0,0,0,,,,
1416628242.57729,pg_catalog,pg_range,0,0,8246,0,0,0,0,0,0,0,0,0,3033,13459,,,,
1416628242.57729,pg_toast,pg_toast_2609,0,0,0,0,0,0,0,0,0,0,0,0,0,0,,,,
1416628242.57729,pg_catalog,pg_opclass,462,462,213090,2334254,0,0,0,0,0,0,1377,929471,3100,259638,,,,
1416628242.57729,pg_catalog,pg_rewrite,0,0,8138,6356,594,0,594,0,110,6,4317,7084,1952,11914,2050,1994,1190,9450
1416628242.57729,pg_toast,pg_toast_1255,0,0,0,0,0,0,0,0,0,0,0,0,0,0,,,,
1416628242.57729,pg_catalog,pg_seclabel,0,0,4665,0,0,0,0,0,0,0,0,0,485,4180,0,0,0,0
1416628242.57729,public,lineitem,127,3421281643,28672563,2203137526,60584573,0,540397,0,60044247,540397,56532634,167324421,4280387,121731006,,,,
1416628242.57729,pg_catalog,pg_ts_parser,0,0,0,0,0,0,0,0,0,0,0,0,0,0,,,,
1416628242.57729,pg_catalog,pg_trigger,0,0,0,0,0,0,0,0,0,0,0,0,0,0,0,0,0,0
1416628242.57729,pg_catalog,pg_shseclabel,0,0,0,0,0,0,0,0,0,0,0,0,0,0,,,,
1416628242.57729,pg_catalog,pg_event_trigger,0,0,1754,0,0,0,0,0,0,0,0,0,532,1222,,,,
1416628242.57729,pg_catalog,pg_foreign_table,0,0,0,0,0,0,0,0,0,0,0,0,0,0,,,,
1416628242.57729,pg_catalog,pg_extension,0,0,0,0,0,0,0,0,0,0,0,0,0,0,,,,
1416628242.57729,public,time_statistics,174,18493,,,197,174,0,169,197,51,80,722,,,,,,
1416628242.57729,pg_catalog,pg_ts_config,0,0,0,0,0,0,0,0,0,0,0,0,0,0,,,,
1416628242.57729,public,customer,75,46500000,675,111081279,1500000,0,0,0,1500000,0,852729,3673078,36509,1986,,,,
1416628242.57729,pg_catalog,pg_shdescription,0,0,0,0,0,0,0,0,0,0,0,0,0,0,0,0,0,0
1416628242.57729,pg_catalog,pg_cast,0,0,1150129,272375,0,0,0,0,0,0,1389,270986,855,1182060,,,,
1416628242.57729,pg_catalog,pg_amop,0,0,300709,531495,0,0,0,0,0,0,2348,508769,5417,636252,,,,
1416628242.57729,pg_catalog,pg_user_mapping,0,0,0,0,0,0,0,0,0,0,0,0,0,0,,,,
1416628242.57729,pg_catalog,pg_type,0,0,812946,804946,2122,0,2103,0,360,32,5107,809034,7852,1670652,,,,
1416628242.57729,information_schema,sql_parts,0,0,,,0,0,0,0,0,0,0,0,,,0,0,0,0
1416628242.57729,pg_catalog,pg_largeobject,0,0,0,0,0,0,0,0,0,0,0,0,0,0,,,,
1416628242.57729,pg_catalog,pg_ts_config_map,0,0,0,0,0,0,0,0,0,0,0,0,0,0,,,,
1416628242.57729,pg_catalog,pg_largeobject_metadata,0,0,0,0,0,0,0,0,0,0,0,0,0,0,,,,
1416628242.57729,pg_catalog,pg_am,40770,40770,0,0,0,0,0,0,0,0,442,40328,0,0,,,,
1416628242.57729,pg_toast,pg_toast_12718,0,0,0,0,0,0,0,0,0,0,0,0,0,0,,,,
1416628242.57729,pg_catalog,pg_ts_template,0,0,0,0,0,0,0,0,0,0,0,0,0,0,,,,
1416628242.57729,pg_catalog,pg_foreign_server,0,0,0,0,0,0,0,0,0,0,0,0,0,0,,,,
1416628242.57729,pg_catalog,pg_namespace,1416,47134,180481,146643,42,0,0,0,42,0,452,147713,2153,214654,,,,
1416628242.57729,pg_toast,pg_toast_2619,0,0,137070,463489,5406,0,5154,0,262,37,44819,181136,2685,275648,,,,
1416628242.57729,pg_catalog,pg_authid,780,780,67998,67998,0,0,0,0,0,0,381,68397,1795,134201,,,,
1416628242.57729,pg_catalog,pg_default_acl,0,0,4280,0,0,0,0,0,0,0,0,0,486,3794,,,,
1416628242.57729,public,partsupp,89,272000000,126248,504194,8000000,0,0,0,8000000,0,4711044,2366413,103521,299335,,,,
1416628242.57729,pg_catalog,pg_shdepend,0,0,5779,1113,0,0,0,0,0,0,531,582,2082,5829,,,,
1416628242.57729,pg_catalog,pg_constraint,0,0,280,136,144,0,136,0,10,24,80,795,144,1432,0,0,0,0
1416628242.57729,public,nation,195,1850,156032,156176,25,0,0,0,25,0,25,156091,64,156123,,,,
1416628242.57729,pg_catalog,pg_index,4808,449432,372502,534128,800,0,772,0,143,56,4069,522739,2568,426660,,,,
1416628242.57729,pg_catalog,pg_ts_dict,0,0,0,0,0,0,0,0,0,0,0,0,0,0,,,,
1416628242.57729,pg_toast,pg_toast_2604,0,0,0,0,0,0,0,0,0,0,0,0,0,0,,,,
1416628242.57729,pg_catalog,pg_proc,0,0,299236,444327,0,0,0,0,0,0,28998,293605,12020,651182,0,0,0,0
1416628302.58085,pg_catalog,pg_attrdef,0,0,0,0,0,0,0,0,0,0,0,0,0,0,0,0,0,0
1416628302.58085,pg_catalog,pg_db_role_setting,0,0,147080,0,0,0,0,0,0,0,0,0,370,146710,0,0,0,0
1416628302.58085,pg_toast,pg_toast_12713,0,0,0,0,0,0,0,0,0,0,0,0,0,0,,,,
1416628302.58085,pg_catalog,pg_rowsecurity,0,0,0,0,0,0,0,0,0,0,0,0,0,0,,,,
1416628302.58085,pg_catalog,pg_description,0,0,4669,0,0,0,0,0,0,0,0,0,1507,8892,0,0,0,0
1416628302.58085,pg_catalog,pg_foreign_data_wrapper,0,0,0,0,0,0,0,0,0,0,0,0,0,0,,,,
1416628302.58085,pg_catalog,pg_conversion,0,0,0,0,0,0,0,0,0,0,0,0,0,0,,,,
1416628302.58085,pg_catalog,pg_class,12340,2769086,837830,765628,1872,594,1834,582,337,27,7717,876852,7451,1753983,,,,
1416628302.58085,information_schema,sql_implementation_info,0,0,,,0,0,0,0,0,0,0,0,,,0,0,0,0
1416628302.58085,pg_catalog,pg_opfamily,0,0,0,0,0,0,0,0,0,0,0,0,0,0,,,,
1416628302.58085,pg_catalog,pg_auth_members,0,0,0,0,0,0,0,0,0,0,0,0,0,0,,,,
1416628302.58085,pg_catalog,pg_operator,0,0,265852,1392026,0,0,0,0,0,0,6682,963686,5913,576338,,,,
1416628302.58085,information_schema,sql_languages,0,0,,,0,0,0,0,0,0,0,0,,,0,0,0,0
1416628302.58085,pg_toast,pg_toast_12693,0,0,0,0,0,0,0,0,0,0,0,0,0,0,,,,
1416628302.58085,pg_catalog,pg_attribute,2541,17325,686580,1549354,6768,180,6590,151,2514,129,23350,767140,6353,1437200,,,,
1416628302.58085,pg_toast,pg_toast_12698,0,0,0,0,0,0,0,0,0,0,0,0,0,0,,,,
1416628302.58085,pg_catalog,pg_tablespace,2,4,24321,24321,0,0,0,0,0,0,646,23677,1345,47405,,,,
1416628302.58085,pg_catalog,pg_statistic,0,0,189480,182416,1485,4339,1419,3666,467,95,18068,176699,2048,406130,44983,181316,2688,276083
1416628302.58085,pg_toast,pg_toast_12703,0,0,0,0,0,0,0,0,0,0,0,0,0,0,,,,
1416628302.58085,information_schema,sql_packages,0,0,,,0,0,0,0,0,0,0,0,,,0,0,0,0
1416628302.58085,information_schema,sql_sizing_profiles,0,0,,,0,0,0,0,0,0,0,0,,,0,0,0,0
1416628302.58085,pg_catalog,pg_aggregate,0,0,18408,18408,0,0,0,0,0,0,1292,17116,2988,29091,,,,
1416628302.58085,public,part,42,40000000,674,26439864,2000000,0,0,0,2000000,0,1297892,640111,84296,1906,,,,
1416628302.58085,pg_catalog,pg_inherits,0,0,1061,0,0,0,0,0,0,0,0,0,535,526,,,,
1416628302.58085,pg_catalog,pg_enum,0,0,0,0,0,0,0,0,0,0,0,0,0,0,,,,
1416628302.58085,public,region,45308,226285,146,146,5,0,0,0,5,0,21,45392,36,166,,,,
1416628302.58085,pg_toast,pg_toast_2396,0,0,0,0,0,0,0,0,0,0,0,0,0,0,,,,
1416628302.58085,pg_catalog,pg_pltemplate,0,0,0,0,0,0,0,0,0,0,0,0,0,0,,,,
1416628302.58085,pg_toast,pg_toast_2618,0,0,3304,10550,0,0,0,0,0,0,2056,1995,599,4731,,,,
1416628302.58085,pg_toast,pg_toast_3596,0,0,0,0,0,0,0,0,0,0,0,0,0,0,,,,
1416628302.58085,information_schema,sql_features,0,0,,,0,0,0,0,0,0,0,0,,,0,0,0,0
1416628302.58085,pg_toast,pg_toast_2606,0,0,0,0,0,0,0,0,0,0,0,0,0,0,,,,
1416628302.58085,pg_toast,pg_toast_12723,0,0,0,0,0,0,0,0,0,0,0,0,0,0,,,,
1416628302.58085,pg_toast,pg_toast_2964,0,0,0,0,0,0,0,0,0,0,0,0,0,0,,,,
1416628302.58085,pg_catalog,pg_database,3573,13866,119498,119496,1,0,0,0,1,0,263,122807,1724,191245,,,,
1416628302.58085,information_schema,sql_sizing,0,0,,,0,0,0,0,0,0,0,0,,,0,0,0,0
1416628302.58085,pg_toast,pg_toast_2620,0,0,0,0,0,0,0,0,0,0,0,0,0,0,,,,
1416628302.58085,pg_catalog,pg_depend,0,0,44139,47437,8147,0,8058,0,7106,553,8460,54595,12190,113644,,,,
1416628302.58085,pg_catalog,pg_language,0,0,0,0,0,0,0,0,0,0,0,0,0,0,,,,
1416628302.58085,pg_catalog,pg_amproc,462,924,156275,324289,0,0,0,0,0,0,1659,153581,1345,346533,,,,
1416628302.58085,public,supplier,40,1800000,23256549,29734322,100000,0,0,0,100000,0,21861,23429975,2312,46640998,,,,
1416628302.58085,public,orders,107,780570000,37106278,472391249,15165000,0,150000,0,15015000,150000,8831359,50610792,281966,112444752,,,,
1416628302.58085,pg_catalog,pg_collation,0,0,0,0,0,0,0,0,0,0,0,0,0,0,,,,
1416628302.58085,pg_toast,pg_toast_12708,0,0,0,0,0,0,0,0,0,0,0,0,0,0,,,,
1416628302.58085,pg_catalog,pg_range,0,0,8267,0,0,0,0,0,0,0,0,0,3035,13499,,,,
1416628302.58085,pg_toast,pg_toast_2609,0,0,0,0,0,0,0,0,0,0,0,0,0,0,,,,
1416628302.58085,pg_catalog,pg_opclass,462,462,213488,2338836,0,0,0,0,0,0,1377,931301,3102,260121,,,,
1416628302.58085,pg_catalog,pg_rewrite,0,0,8147,6365,594,0,594,0,110,6,4323,7087,1956,11926,2056,1995,1198,9462
1416628302.58085,pg_toast,pg_toast_1255,0,0,0,0,0,0,0,0,0,0,0,0,0,0,,,,
1416628302.58085,pg_catalog,pg_seclabel,0,0,4669,0,0,0,0,0,0,0,0,0,486,4183,0,0,0,0
1416628302.58085,public,lineitem,135,3901574421,30669225,2401611914,60645061,0,600189,0,60044943,600189,63017649,190456545,4482637,130627471,,,,
1416628302.58085,pg_catalog,pg_ts_parser,0,0,0,0,0,0,0,0,0,0,0,0,0,0,,,,
1416628302.58085,pg_catalog,pg_trigger,0,0,0,0,0,0,0,0,0,0,0,0,0,0,0,0,0,0
1416628302.58085,pg_catalog,pg_shseclabel,0,0,0,0,0,0,0,0,0,0,0,0,0,0,,,,
1416628302.58085,pg_catalog,pg_event_trigger,0,0,1755,0,0,0,0,0,0,0,0,0,533,1222,,,,
1416628302.58085,pg_catalog,pg_foreign_table,0,0,0,0,0,0,0,0,0,0,0,0,0,0,,,,
1416628302.58085,pg_catalog,pg_extension,0,0,0,0,0,0,0,0,0,0,0,0,0,0,,,,
1416628302.58085,public,time_statistics,194,22621,,,217,194,0,189,217,50,83,839,,,,,,
1416628302.58085,pg_catalog,pg_ts_config,0,0,0,0,0,0,0,0,0,0,0,0,0,0,,,,
1416628302.58085,public,customer,82,57000000,718,119181252,1500000,0,0,0,1500000,0,976062,4043668,38853,2101,,,,
1416628302.58085,pg_catalog,pg_shdescription,0,0,0,0,0,0,0,0,0,0,0,0,0,0,0,0,0,0
1416628302.58085,pg_catalog,pg_cast,0,0,1152417,272872,0,0,0,0,0,0,1389,271483,855,1184413,,,,
1416628302.58085,pg_catalog,pg_amop,0,0,301207,532407,0,0,0,0,0,0,2348,509637,5420,637313,,,,
1416628302.58085,pg_catalog,pg_user_mapping,0,0,0,0,0,0,0,0,0,0,0,0,0,0,,,,
1416628302.58085,pg_catalog,pg_type,0,0,814572,806560,2124,0,2105,0,360,34,5112,810650,7865,1673981,,,,
1416628302.58085,information_schema,sql_parts,0,0,,,0,0,0,0,0,0,0,0,,,0,0,0,0
1416628302.58085,pg_catalog,pg_largeobject,0,0,0,0,0,0,0,0,0,0,0,0,0,0,,,,
1416628302.58085,pg_catalog,pg_ts_config_map,0,0,0,0,0,0,0,0,0,0,0,0,0,0,,,,
1416628302.58085,pg_catalog,pg_largeobject_metadata,0,0,0,0,0,0,0,0,0,0,0,0,0,0,,,,
1416628302.58085,pg_catalog,pg_am,40856,40856,0,0,0,0,0,0,0,0,442,40414,0,0,,,,
1416628302.58085,pg_toast,pg_toast_12718,0,0,0,0,0,0,0,0,0,0,0,0,0,0,,,,
1416628302.58085,pg_catalog,pg_ts_template,0,0,0,0,0,0,0,0,0,0,0,0,0,0,,,,
1416628302.58085,pg_catalog,pg_foreign_server,0,0,0,0,0,0,0,0,0,0,0,0,0,0,,,,
1416628302.58085,pg_catalog,pg_namespace,1418,47230,180816,146911,42,0,0,0,42,0,452,147983,2155,215056,,,,
1416628302.58085,pg_toast,pg_toast_2619,0,0,137275,464263,5408,0,5156,0,262,39,44983,181316,2688,276083,,,,
1416628302.58085,pg_catalog,pg_authid,781,781,68128,68128,0,0,0,0,0,0,381,68528,1795,134461,,,,
1416628302.58085,pg_catalog,pg_default_acl,0,0,4284,0,0,0,0,0,0,0,0,0,487,3797,,,,
1416628302.58085,public,partsupp,92,296000000,154317,616422,8000000,0,0,0,8000000,0,5216944,2404709,121679,365855,,,,
1416628302.58085,pg_catalog,pg_shdepend,0,0,5784,1114,0,0,0,0,0,0,532,582,2086,5832,,,,
1416628302.58085,pg_catalog,pg_constraint,0,0,280,136,144,0,136,0,10,24,80,795,144,1432,0,0,0,0
1416628302.58085,public,nation,205,2100,181704,181848,25,0,0,0,25,0,26,181772,71,181797,,,,
1416628302.58085,pg_catalog,pg_index,4813,450147,373039,534905,801,0,773,0,143,57,4072,523526,2568,427291,,,,
1416628302.58085,pg_catalog,pg_ts_dict,0,0,0,0,0,0,0,0,0,0,0,0,0,0,,,,
1416628302.58085,pg_toast,pg_toast_2604,0,0,0,0,0,0,0,0,0,0,0,0,0,0,,,,
1416628302.58085,pg_catalog,pg_proc,0,0,299729,444991,0,0,0,0,0,0,29068,294056,12036,652284,0,0,0,0
1416628362.58161,pg_catalog,pg_attrdef,0,0,0,0,0,0,0,0,0,0,0,0,0,0,0,0,0,0
1416628362.58161,pg_catalog,pg_db_role_setting,0,0,147356,0,0,0,0,0,0,0,0,0,370,146986,0,0,0,0
1416628362.58161,pg_toast,pg_toast_12713,0,0,0,0,0,0,0,0,0,0,0,0,0,0,,,,
1416628362.58161,pg_catalog,pg_rowsecurity,0,0,0,0,0,0,0,0,0,0,0,0,0,0,,,,
1416628362.58161,pg_catalog,pg_description,0,0,4677,0,0,0,0,0,0,0,0,0,1513,8904,0,0,0,0
1416628362.58161,pg_catalog,pg_foreign_data_wrapper,0,0,0,0,0,0,0,0,0,0,0,0,0,0,,,,
1416628362.58161,pg_catalog,pg_conversion,0,0,0,0,0,0,0,0,0,0,0,0,0,0,,,,
1416628362.58161,pg_catalog,pg_class,12349,2771799,839222,766878,1875,595,1837,583,337,30,7736,878190,7471,1756905,,,,
1416628362.58161,information_schema,sql_implementation_info,0,0,,,0,0,0,0,0,0,0,0,,,0,0,0,0
1416628362.58161,pg_catalog,pg_opfamily,0,0,0,0,0,0,0,0,0,0,0,0,0,0,,,,
1416628362.58161,pg_catalog,pg_auth_members,0,0,0,0,0,0,0,0,0,0,0,0,0,0,,,,
1416628362.58161,pg_catalog,pg_operator,0,0,266306,1394971,0,0,0,0,0,0,6696,965675,5925,577332,,,,
1416628362.58161,information_schema,sql_languages,0,0,,,0,0,0,0,0,0,0,0,,,0,0,0,0
1416628362.58161,pg_toast,pg_toast_12693,0,0,0,0,0,0,0,0,0,0,0,0,0,0,,,,
1416628362.58161,pg_catalog,pg_attribute,2541,17325,687664,1551717,6778,180,6600,151,2514,139,23396,768292,6365,1439472,,,,
1416628362.58161,pg_toast,pg_toast_12698,0,0,0,0,0,0,0,0,0,0,0,0,0,0,,,,
1416628362.58161,pg_catalog,pg_tablespace,2,4,24369,24369,0,0,0,0,0,0,648,23723,1349,47497,,,,
1416628362.58161,pg_catalog,pg_statistic,0,0,189796,182726,1486,4342,1420,3667,467,82,18115,176982,2050,406813,45123,181525,2694,276526
1416628362.58161,pg_toast,pg_toast_12703,0,0,0,0,0,0,0,0,0,0,0,0,0,0,,,,
1416628362.58161,information_schema,sql_packages,0,0,,,0,0,0,0,0,0,0,0,,,0,0,0,0
1416628362.58161,information_schema,sql_sizing_profiles,0,0,,,0,0,0,0,0,0,0,0,,,0,0,0,0
1416628362.58161,pg_catalog,pg_aggregate,0,0,18438,18438,0,0,0,0,0,0,1294,17144,2994,29136,,,,
1416628362.58161,public,part,43,42000000,697,30496520,2000000,0,0,0,2000000,0,1423171,683030,95628,1965,,,,
1416628362.58161,pg_catalog,pg_inherits,0,0,1063,0,0,0,0,0,0,0,0,0,537,526,,,,
1416628362.58161,pg_catalog,pg_enum,0,0,0,0,0,0,0,0,0,0,0,0,0,0,,,,
1416628362.58161,public,region,58205,290760,160,160,5,0,0,0,5,0,25,58297,46,175,,,,
1416628362.58161,pg_toast,pg_toast_2396,0,0,0,0,0,0,0,0,0,0,0,0,0,0,,,,
1416628362.58161,pg_catalog,pg_pltemplate,0,0,0,0,0,0,0,0,0,0,0,0,0,0,,,,
1416628362.58161,pg_toast,pg_toast_2618,0,0,3308,10564,0,0,0,0,0,0,2060,1996,599,4737,,,,
1416628362.58161,pg_toast,pg_toast_3596,0,0,0,0,0,0,0,0,0,0,0,0,0,0,,,,
1416628362.58161,information_schema,sql_features,0,0,,,0,0,0,0,0,0,0,0,,,0,0,0,0
1416628362.58161,pg_toast,pg_toast_2606,0,0,0,0,0,0,0,0,0,0,0,0,0,0,,,,
1416628362.58161,pg_toast,pg_toast_12723,0,0,0,0,0,0,0,0,0,0,0,0,0,0,,,,
1416628362.58161,pg_toast,pg_toast_2964,0,0,0,0,0,0,0,0,0,0,0,0,0,0,,,,
1416628362.58161,pg_catalog,pg_database,3576,13878,119723,119721,1,0,0,0,1,0,263,123035,1727,191605,,,,
1416628362.58161,information_schema,sql_sizing,0,0,,,0,0,0,0,0,0,0,0,,,0,0,0,0
1416628362.58161,pg_toast,pg_toast_2620,0,0,0,0,0,0,0,0,0,0,0,0,0,0,,,,
1416628362.58161,pg_catalog,pg_depend,0,0,44214,47513,8160,0,8071,0,7106,566,8487,54666,12231,113809,,,,
1416628362.58161,pg_catalog,pg_language,0,0,0,0,0,0,0,0,0,0,0,0,0,0,,,,
1416628362.58161,pg_catalog,pg_amproc,462,924,156567,325088,0,0,0,0,0,0,1662,153860,1347,347183,,,,
1416628362.58161,public,supplier,44,2200000,23332127,31247874,100000,0,0,0,100000,0,24038,23543518,2333,46792645,,,,
1416628362.58161,public,orders,114,885630000,37501341,517801309,15165000,0,165000,0,15000000,165000,9523478,52888767,282140,113631934,,,,
1416628362.58161,pg_catalog,pg_collation,0,0,0,0,0,0,0,0,0,0,0,0,0,0,,,,
1416628362.58161,pg_toast,pg_toast_12708,0,0,0,0,0,0,0,0,0,0,0,0,0,0,,,,
1416628362.58161,pg_catalog,pg_range,0,0,8290,0,0,0,0,0,0,0,0,0,3045,13535,,,,
1416628362.58161,pg_toast,pg_toast_2609,0,0,0,0,0,0,0,0,0,0,0,0,0,0,,,,
1416628362.58161,pg_catalog,pg_opclass,462,462,213843,2342446,0,0,0,0,0,0,1377,932764,3109,260559,,,,
1416628362.58161,pg_catalog,pg_rewrite,0,0,8158,6373,595,0,595,0,110,7,4332,7092,1962,11938,2060,1996,1198,9474
1416628362.58161,pg_toast,pg_toast_1255,0,0,0,0,0,0,0,0,0,0,0,0,0,0,,,,
1416628362.58161,pg_catalog,pg_seclabel,0,0,4677,0,0,0,0,0,0,0,0,0,488,4189,0,0,0,0
1416628362.58161,public,lineitem,144,4441913859,34173876,2660659543,60645061,0,660235,0,59984897,660235,68689588,207971914,4856984,144332799,,,,
1416628362.58161,pg_catalog,pg_ts_parser,0,0,0,0,0,0,0,0,0,0,0,0,0,0,,,,
1416628362.58161,pg_catalog,pg_trigger,0,0,0,0,0,0,0,0,0,0,0,0,0,0,0,0,0,0
1416628362.58161,pg_catalog,pg_shseclabel,0,0,0,0,0,0,0,0,0,0,0,0,0,0,,,,
1416628362.58161,pg_catalog,pg_event_trigger,0,0,1757,0,0,0,0,0,0,0,0,0,535,1222,,,,
1416628362.58161,pg_catalog,pg_foreign_table,0,0,0,0,0,0,0,0,0,0,0,0,0,0,,,,
1416628362.58161,pg_catalog,pg_extension,0,0,0,0,0,0,0,0,0,0,0,0,0,0,,,,
1416628362.58161,public,time_statistics,216,27584,,,237,216,0,211,237,44,103,950,,,,,,
1416628362.58161,pg_catalog,pg_ts_config,0,0,0,0,0,0,0,0,0,0,0,0,0,0,,,,
1416628362.58161,public,customer,87,64500000,781,142253957,1500000,0,0,0,1500000,0,1130468,4665308,40483,2238,,,,
1416628362.58161,pg_catalog,pg_shdescription,0,0,0,0,0,0,0,0,0,0,0,0,0,0,0,0,0,0
1416628362.58161,pg_catalog,pg_cast,0,0,1154741,273381,0,0,0,0,0,0,1392,271989,856,1186803,,,,
1416628362.58161,pg_catalog,pg_amop,0,0,301651,533233,0,0,0,0,0,0,2350,510416,5429,638262,,,,
1416628362.58161,pg_catalog,pg_user_mapping,0,0,0,0,0,0,0,0,0,0,0,0,0,0,,,,
1416628362.58161,pg_catalog,pg_type,0,0,816365,808344,2128,0,2109,0,360,38,5125,812435,7882,1677648,,,,
1416628362.58161,information_schema,sql_parts,0,0,,,0,0,0,0,0,0,0,0,,,0,0,0,0
1416628362.58161,pg_catalog,pg_largeobject,0,0,0,0,0,0,0,0,0,0,0,0,0,0,,,,
1416628362.58161,pg_catalog,pg_ts_config_map,0,0,0,0,0,0,0,0,0,0,0,0,0,0,,,,
1416628362.58161,pg_catalog,pg_largeobject_metadata,0,0,0,0,0,0,0,0,0,0,0,0,0,0,,,,
1416628362.58161,pg_catalog,pg_am,40946,40946,0,0,0,0,0,0,0,0,442,40504,0,0,,,,
1416628362.58161,pg_toast,pg_toast_12718,0,0,0,0,0,0,0,0,0,0,0,0,0,0,,,,
1416628362.58161,pg_catalog,pg_ts_template,0,0,0,0,0,0,0,0,0,0,0,0,0,0,,,,
1416628362.58161,pg_catalog,pg_foreign_server,0,0,0,0,0,0,0,0,0,0,0,0,0,0,,,,
1416628362.58161,pg_catalog,pg_namespace,1420,47326,181155,147184,42,0,0,0,42,0,452,148258,2164,215456,,,,
1416628362.58161,pg_toast,pg_toast_2619,0,0,137485,465013,5410,0,5158,0,262,41,45123,181525,2694,276526,,,,
1416628362.58161,pg_catalog,pg_authid,782,782,68263,68263,0,0,0,0,0,0,381,68664,1801,134725,,,,
1416628362.58161,pg_catalog,pg_default_acl,0,0,4292,0,0,0,0,0,0,0,0,0,489,3803,,,,
1416628362.58161,public,partsupp,96,328000000,210669,841794,8000000,0,0,0,8000000,0,5900640,2467741,154052,503471,,,,
1416628362.58161,pg_catalog,pg_shdepend,0,0,5794,1116,0,0,0,0,0,0,534,582,2094,5838,,,,
1416628362.58161,pg_catalog,pg_constraint,0,0,280,136,144,0,136,0,10,24,80,795,144,1432,0,0,0,0
1416628362.58161,public,nation,218,2425,233330,233522,25,0,0,0,25,0,26,233411,75,233430,,,,
1416628362.58161,pg_catalog,pg_index,4818,450862,373610,535724,802,0,774,0,143,58,4079,524354,2572,427953,,,,
1416628362.58161,pg_catalog,pg_ts_dict,0,0,0,0,0,0,0,0,0,0,0,0,0,0,,,,
1416628362.58161,pg_toast,pg_toast_2604,0,0,0,0,0,0,0,0,0,0,0,0,0,0,,,,
1416628362.58161,pg_catalog,pg_proc,0,0,300273,445787,0,0,0,0,0,0,29136,294565,12067,653472,0,0,0,0
1416628422.58857,pg_catalog,pg_attrdef,0,0,0,0,0,0,0,0,0,0,0,0,0,0,0,0,0,0
1416628422.58857,pg_catalog,pg_db_role_setting,0,0,147600,0,0,0,0,0,0,0,0,0,370,147230,0,0,0,0
1416628422.58857,pg_toast,pg_toast_12713,0,0,0,0,0,0,0,0,0,0,0,0,0,0,,,,
1416628422.58857,pg_catalog,pg_rowsecurity,0,0,0,0,0,0,0,0,0,0,0,0,0,0,,,,
1416628422.58857,pg_catalog,pg_description,0,0,4677,0,0,0,0,0,0,0,0,0,1513,8904,0,0,0,0
1416628422.58857,pg_catalog,pg_foreign_data_wrapper,0,0,0,0,0,0,0,0,0,0,0,0,0,0,,,,
1416628422.58857,pg_catalog,pg_conversion,0,0,0,0,0,0,0,0,0,0,0,0,0,0,,,,
1416628422.58857,pg_catalog,pg_class,12359,2774849,840354,767904,1875,595,1837,583,337,30,7749,879304,7482,1759281,,,,
1416628422.58857,information_schema,sql_implementation_info,0,0,,,0,0,0,0,0,0,0,0,,,0,0,0,0
1416628422.58857,pg_catalog,pg_opfamily,0,0,0,0,0,0,0,0,0,0,0,0,0,0,,,,
1416628422.58857,pg_catalog,pg_auth_members,0,0,0,0,0,0,0,0,0,0,0,0,0,0,,,,
1416628422.58857,pg_catalog,pg_operator,0,0,266684,1397321,0,0,0,0,0,0,6701,967265,5939,578156,,,,
1416628422.58857,information_schema,sql_languages,0,0,,,0,0,0,0,0,0,0,0,,,0,0,0,0
1416628422.58857,pg_toast,pg_toast_12693,0,0,0,0,0,0,0,0,0,0,0,0,0,0,,,,
1416628422.58857,pg_catalog,pg_attribute,2541,17325,688552,1553619,6778,180,6600,151,2514,139,23464,769186,6374,1441306,,,,
1416628422.58857,pg_toast,pg_toast_12698,0,0,0,0,0,0,0,0,0,0,0,0,0,0,,,,
1416628422.58857,pg_catalog,pg_tablespace,2,4,24410,24410,0,0,0,0,0,0,649,23763,1351,47577,,,,
1416628422.58857,pg_catalog,pg_statistic,0,0,190055,182979,1486,4342,1420,3667,467,82,18170,177180,2053,407369,45256,181649,2705,276864
1416628422.58857,pg_toast,pg_toast_12703,0,0,0,0,0,0,0,0,0,0,0,0,0,0,,,,
1416628422.58857,information_schema,sql_packages,0,0,,,0,0,0,0,0,0,0,0,,,0,0,0,0
1416628422.58857,information_schema,sql_sizing_profiles,0,0,,,0,0,0,0,0,0,0,0,,,0,0,0,0
1416628422.58857,pg_catalog,pg_aggregate,0,0,18470,18470,0,0,0,0,0,0,1300,17170,3006,29175,,,,
1416628422.58857,public,part,45,46000000,748,34522661,2000000,0,0,0,2000000,0,1566308,722937,101310,2068,,,,
1416628422.58857,pg_catalog,pg_inherits,0,0,1063,0,0,0,0,0,0,0,0,0,537,526,,,,
1416628422.58857,pg_catalog,pg_enum,0,0,0,0,0,0,0,0,0,0,0,0,0,0,,,,
1416628422.58857,public,region,64768,323570,166,166,5,0,0,0,5,0,27,64863,50,179,,,,
1416628422.58857,pg_toast,pg_toast_2396,0,0,0,0,0,0,0,0,0,0,0,0,0,0,,,,
1416628422.58857,pg_catalog,pg_pltemplate,0,0,0,0,0,0,0,0,0,0,0,0,0,0,,,,
1416628422.58857,pg_toast,pg_toast_2618,0,0,3313,10580,0,0,0,0,0,0,2065,1997,601,4743,,,,
1416628422.58857,pg_toast,pg_toast_3596,0,0,0,0,0,0,0,0,0,0,0,0,0,0,,,,
1416628422.58857,information_schema,sql_features,0,0,,,0,0,0,0,0,0,0,0,,,0,0,0,0
1416628422.58857,pg_toast,pg_toast_2606,0,0,0,0,0,0,0,0,0,0,0,0,0,0,,,,
1416628422.58857,pg_toast,pg_toast_12723,0,0,0,0,0,0,0,0,0,0,0,0,0,0,,,,
1416628422.58857,pg_toast,pg_toast_2964,0,0,0,0,0,0,0,0,0,0,0,0,0,0,,,,
1416628422.58857,pg_catalog,pg_database,3579,13890,119923,119921,1,0,0,0,1,0,263,123238,1727,191927,,,,
1416628422.58857,information_schema,sql_sizing,0,0,,,0,0,0,0,0,0,0,0,,,0,0,0,0
1416628422.58857,pg_toast,pg_toast_2620,0,0,0,0,0,0,0,0,0,0,0,0,0,0,,,,
1416628422.58857,pg_catalog,pg_depend,0,0,44214,47513,8160,0,8071,0,7106,566,8487,54666,12231,113809,,,,
1416628422.58857,pg_catalog,pg_language,0,0,0,0,0,0,0,0,0,0,0,0,0,0,,,,
1416628422.58857,pg_catalog,pg_amproc,462,924,156817,325772,0,0,0,0,0,0,1674,154088,1349,347740,,,,
1416628422.58857,public,supplier,45,2300000,29875839,38391635,100000,0,0,0,100000,0,24043,30102526,2619,59915249,,,,
1416628422.58857,public,orders,118,945630000,45540457,570840422,15165000,0,165000,0,15000000,165000,10764660,61479076,333095,137741685,,,,
1416628422.58857,pg_catalog,pg_collation,0,0,0,0,0,0,0,0,0,0,0,0,0,0,,,,
1416628422.58857,pg_toast,pg_toast_12708,0,0,0,0,0,0,0,0,0,0,0,0,0,0,,,,
1416628422.58857,pg_catalog,pg_range,0,0,8308,0,0,0,0,0,0,0,0,0,3057,13559,,,,
1416628422.58857,pg_toast,pg_toast_2609,0,0,0,0,0,0,0,0,0,0,0,0,0,0,,,,
1416628422.58857,pg_catalog,pg_opclass,462,462,214152,2345638,0,0,0,0,0,0,1378,934060,3114,260941,,,,
1416628422.58857,pg_catalog,pg_rewrite,0,0,8165,6380,595,0,595,0,110,7,4337,7094,1964,11948,2065,1997,1202,9486
1416628422.58857,pg_toast,pg_toast_1255,0,0,0,0,0,0,0,0,0,0,0,0,0,0,,,,
1416628422.58857,pg_catalog,pg_seclabel,0,0,4677,0,0,0,0,0,0,0,0,0,488,4189,0,0,0,0
1416628422.58857,public,lineitem,152,4921792467,36950052,2750875696,60645061,0,660235,0,59984897,660235,74993851,239661914,5336283,155044813,,,,
1416628422.58857,pg_catalog,pg_ts_parser,0,0,0,0,0,0,0,0,0,0,0,0,0,0,,,,
1416628422.58857,pg_catalog,pg_trigger,0,0,0,0,0,0,0,0,0,0,0,0,0,0,0,0,0,0
1416628422.58857,pg_catalog,pg_shseclabel,0,0,0,0,0,0,0,0,0,0,0,0,0,0,,,,
1416628422.58857,pg_catalog,pg_event_trigger,0,0,1757,0,0,0,0,0,0,0,0,0,535,1222,,,,
1416628422.58857,pg_catalog,pg_foreign_table,0,0,0,0,0,0,0,0,0,0,0,0,0,0,,,,
1416628422.58857,pg_catalog,pg_extension,0,0,0,0,0,0,0,0,0,0,0,0,0,0,,,,
1416628422.58857,public,time_statistics,234,32003,,,255,234,0,229,255,30,123,1038,,,,,,
1416628422.58857,pg_catalog,pg_ts_config,0,0,0,0,0,0,0,0,0,0,0,0,0,0,,,,
1416628422.58857,public,customer,90,69000000,816,150326762,1500000,0,0,0,1500000,0,1274936,4873517,42106,2298,,,,
1416628422.58857,pg_catalog,pg_shdescription,0,0,0,0,0,0,0,0,0,0,0,0,0,0,0,0,0,0
1416628422.58857,pg_catalog,pg_cast,0,0,1156502,273756,0,0,0,0,0,0,1395,272361,856,1188623,,,,
1416628422.58857,pg_catalog,pg_amop,0,0,302033,533939,0,0,0,0,0,0,2353,511086,5442,639075,,,,
1416628422.58857,pg_catalog,pg_user_mapping,0,0,0,0,0,0,0,0,0,0,0,0,0,0,,,,
1416628422.58857,pg_catalog,pg_type,0,0,817784,809759,2128,0,2109,0,360,38,5128,813847,7900,1680540,,,,
1416628422.58857,information_schema,sql_parts,0,0,,,0,0,0,0,0,0,0,0,,,0,0,0,0
1416628422.58857,pg_catalog,pg_largeobject,0,0,0,0,0,0,0,0,0,0,0,0,0,0,,,,
1416628422.58857,pg_catalog,pg_ts_config_map,0,0,0,0,0,0,0,0,0,0,0,0,0,0,,,,
1416628422.58857,pg_catalog,pg_largeobject_metadata,0,0,0,0,0,0,0,0,0,0,0,0,0,0,,,,
1416628422.58857,pg_catalog,pg_am,41023,41023,0,0,0,0,0,0,0,0,442,40581,0,0,,,,
1416628422.58857,pg_toast,pg_toast_12718,0,0,0,0,0,0,0,0,0,0,0,0,0,0,,,,
1416628422.58857,pg_catalog,pg_ts_template,0,0,0,0,0,0,0,0,0,0,0,0,0,0,,,,
1416628422.58857,pg_catalog,pg_foreign_server,0,0,0,0,0,0,0,0,0,0,0,0,0,0,,,,
1416628422.58857,pg_catalog,pg_namespace,1422,47422,181468,147438,42,0,0,0,42,0,452,148514,2166,215828,,,,
1416628422.58857,pg_toast,pg_toast_2619,0,0,137648,465599,5410,0,5158,0,262,41,45256,181649,2705,276864,,,,
1416628422.58857,pg_catalog,pg_authid,783,783,68381,68381,0,0,0,0,0,0,381,68783,1801,134961,,,,
1416628422.58857,pg_catalog,pg_default_acl,0,0,4292,0,0,0,0,0,0,0,0,0,489,3803,,,,
1416628422.58857,public,partsupp,100,360000000,217251,868056,8000000,0,0,0,8000000,0,6475223,2584347,158607,518779,,,,
1416628422.58857,pg_catalog,pg_shdepend,0,0,5794,1116,0,0,0,0,0,0,534,582,2094,5838,,,,
1416628422.58857,pg_catalog,pg_constraint,0,0,280,136,144,0,136,0,10,24,80,795,144,1432,0,0,0,0
1416628422.58857,public,nation,224,2575,259597,259813,25,0,0,0,25,0,30,259680,86,259693,,,,
1416628422.58857,pg_catalog,pg_index,4823,451577,374047,536352,802,0,774,0,143,58,4089,524993,2578,428466,,,,
1416628422.58857,pg_catalog,pg_ts_dict,0,0,0,0,0,0,0,0,0,0,0,0,0,0,,,,
1416628422.58857,pg_toast,pg_toast_2604,0,0,0,0,0,0,0,0,0,0,0,0,0,0,,,,
1416628422.58857,pg_catalog,pg_proc,0,0,300750,446471,0,0,0,0,0,0,29222,294981,12095,654516,0,0,0,0
1416628482.58528,pg_catalog,pg_attrdef,0,0,0,0,0,0,0,0,0,0,0,0,0,0,0,0,0,0
1416628482.58528,pg_catalog,pg_db_role_setting,0,0,147928,0,0,0,0,0,0,0,0,0,371,147557,0,0,0,0
1416628482.58528,pg_toast,pg_toast_12713,0,0,0,0,0,0,0,0,0,0,0,0,0,0,,,,
1416628482.58528,pg_catalog,pg_rowsecurity,0,0,0,0,0,0,0,0,0,0,0,0,0,0,,,,
1416628482.58528,pg_catalog,pg_description,0,0,4681,0,0,0,0,0,0,0,0,0,1516,8910,0,0,0,0
1416628482.58528,pg_catalog,pg_foreign_data_wrapper,0,0,0,0,0,0,0,0,0,0,0,0,0,0,,,,
1416628482.58528,pg_catalog,pg_conversion,0,0,0,0,0,0,0,0,0,0,0,0,0,0,,,,
1416628482.58528,pg_catalog,pg_class,12369,2777899,841883,769282,1876,596,1838,584,337,32,7772,880767,7508,1762493,,,,
1416628482.58528,information_schema,sql_implementation_info,0,0,,,0,0,0,0,0,0,0,0,,,0,0,0,0
1416628482.58528,pg_catalog,pg_opfamily,0,0,0,0,0,0,0,0,0,0,0,0,0,0,,,,
1416628482.58528,pg_catalog,pg_auth_members,0,0,0,0,0,0,0,0,0,0,0,0,0,0,,,,
1416628482.58528,pg_catalog,pg_operator,0,0,267238,1400502,0,0,0,0,0,0,6726,969419,5957,579363,,,,
1416628482.58528,information_schema,sql_languages,0,0,,,0,0,0,0,0,0,0,0,,,0,0,0,0
1416628482.58528,pg_toast,pg_toast_12693,0,0,0,0,0,0,0,0,0,0,0,0,0,0,,,,
1416628482.58528,pg_catalog,pg_attribute,2541,17325,689750,1556250,6780,180,6602,151,2514,141,23551,770408,6394,1443791,,,,
1416628482.58528,pg_toast,pg_toast_12698,0,0,0,0,0,0,0,0,0,0,0,0,0,0,,,,
1416628482.58528,pg_catalog,pg_tablespace,2,4,24465,24465,0,0,0,0,0,0,651,23816,1355,47683,,,,
1416628482.58528,pg_catalog,pg_statistic,0,0,190397,183314,1486,4345,1420,3669,467,76,18255,177439,2059,408107,45459,181819,2722,277340
1416628482.58528,pg_toast,pg_toast_12703,0,0,0,0,0,0,0,0,0,0,0,0,0,0,,,,
1416628482.58528,information_schema,sql_packages,0,0,,,0,0,0,0,0,0,0,0,,,0,0,0,0
1416628482.58528,information_schema,sql_sizing_profiles,0,0,,,0,0,0,0,0,0,0,0,,,0,0,0,0
1416628482.58528,pg_catalog,pg_aggregate,0,0,18503,18503,0,0,0,0,0,0,1304,17199,3017,29224,,,,
1416628482.58528,public,part,48,52000000,841,42638580,2000000,0,0,0,2000000,0,1746054,917036,107647,2232,,,,
1416628482.58528,pg_catalog,pg_inherits,0,0,1064,0,0,0,0,0,0,0,0,0,538,526,,,,
1416628482.58528,pg_catalog,pg_enum,0,0,0,0,0,0,0,0,0,0,0,0,0,0,,,,
1416628482.58528,public,region,71319,356320,170,170,5,0,0,0,5,0,28,71416,52,182,,,,
1416628482.58528,pg_toast,pg_toast_2396,0,0,0,0,0,0,0,0,0,0,0,0,0,0,,,,
1416628482.58528,pg_catalog,pg_pltemplate,0,0,0,0,0,0,0,0,0,0,0,0,0,0,,,,
1416628482.58528,pg_toast,pg_toast_2618,0,0,3318,10596,0,0,0,0,0,0,2070,1998,603,4749,,,,
1416628482.58528,pg_toast,pg_toast_3596,0,0,0,0,0,0,0,0,0,0,0,0,0,0,,,,
1416628482.58528,information_schema,sql_features,0,0,,,0,0,0,0,0,0,0,0,,,0,0,0,0
1416628482.58528,pg_toast,pg_toast_2606,0,0,0,0,0,0,0,0,0,0,0,0,0,0,,,,
1416628482.58528,pg_toast,pg_toast_12723,0,0,0,0,0,0,0,0,0,0,0,0,0,0,,,,
1416628482.58528,pg_toast,pg_toast_2964,0,0,0,0,0,0,0,0,0,0,0,0,0,0,,,,
1416628482.58528,pg_catalog,pg_database,3582,13902,120185,120183,1,0,0,0,1,0,264,123502,1733,192347,,,,
1416628482.58528,information_schema,sql_sizing,0,0,,,0,0,0,0,0,0,0,0,,,0,0,0,0
1416628482.58528,pg_toast,pg_toast_2620,0,0,0,0,0,0,0,0,0,0,0,0,0,0,,,,
1416628482.58528,pg_catalog,pg_depend,0,0,44258,47565,8169,0,8080,0,7106,575,8505,54710,12258,113908,,,,
1416628482.58528,pg_catalog,pg_language,0,0,0,0,0,0,0,0,0,0,0,0,0,0,,,,
1416628482.58528,pg_catalog,pg_amproc,462,924,157170,326708,0,0,0,0,0,0,1687,154415,1355,348525,,,,
1416628482.58528,public,supplier,46,2400000,33159425,43046024,100000,0,0,0,100000,0,24043,33418493,2649,66499908,,,,
1416628482.58528,public,orders,123,1020630000,50303164,635603125,15165000,0,165000,0,15000000,165000,11808111,67502814,335565,152053296,,,,
1416628482.58528,pg_catalog,pg_collation,0,0,0,0,0,0,0,0,0,0,0,0,0,0,,,,
1416628482.58528,pg_toast,pg_toast_12708,0,0,0,0,0,0,0,0,0,0,0,0,0,0,,,,
1416628482.58528,pg_catalog,pg_range,0,0,8334,0,0,0,0,0,0,0,0,0,3069,13599,,,,
1416628482.58528,pg_toast,pg_toast_2609,0,0,0,0,0,0,0,0,0,0,0,0,0,0,,,,
1416628482.58528,pg_catalog,pg_opclass,462,462,214577,2349885,0,0,0,0,0,0,1383,935784,3125,261467,,,,
1416628482.58528,pg_catalog,pg_rewrite,0,0,8178,6390,596,0,596,0,110,8,4347,7100,1970,11964,2070,1998,1206,9498
1416628482.58528,pg_toast,pg_toast_1255,0,0,0,0,0,0,0,0,0,0,0,0,0,0,,,,
1416628482.58528,pg_catalog,pg_seclabel,0,0,4681,0,0,0,0,0,0,0,0,0,489,4192,0,0,0,0
1416628482.58528,public,lineitem,154,5041762119,41431390,3140600388,60645061,0,660235,0,59984897,660235,80684761,267755484,6040951,172353601,,,,
1416628482.58528,pg_catalog,pg_ts_parser,0,0,0,0,0,0,0,0,0,0,0,0,0,0,,,,
1416628482.58528,pg_catalog,pg_trigger,0,0,0,0,0,0,0,0,0,0,0,0,0,0,0,0,0,0
1416628482.58528,pg_catalog,pg_shseclabel,0,0,0,0,0,0,0,0,0,0,0,0,0,0,,,,
1416628482.58528,pg_catalog,pg_event_trigger,0,0,1758,0,0,0,0,0,0,0,0,0,536,1222,,,,
1416628482.58528,pg_catalog,pg_foreign_table,0,0,0,0,0,0,0,0,0,0,0,0,0,0,,,,
1416628482.58528,pg_catalog,pg_extension,0,0,0,0,0,0,0,0,0,0,0,0,0,0,,,,
1416628482.58528,public,time_statistics,260,38957,,,281,260,0,253,281,48,148,1195,,,,,,
1416628482.58528,pg_catalog,pg_ts_config,0,0,0,0,0,0,0,0,0,0,0,0,0,0,,,,
1416628482.58528,public,customer,93,73500000,850,151498988,1500000,0,0,0,1500000,0,1416054,4979254,46045,2351,,,,
1416628482.58528,pg_catalog,pg_shdescription,0,0,0,0,0,0,0,0,0,0,0,0,0,0,0,0,0,0
1416628482.58528,pg_catalog,pg_cast,0,0,1159132,274377,0,0,0,0,0,0,1399,272978,859,1191334,,,,
1416628482.58528,pg_catalog,pg_amop,0,0,302612,535003,0,0,0,0,0,0,2360,512087,5461,640302,,,,
1416628482.58528,pg_catalog,pg_user_mapping,0,0,0,0,0,0,0,0,0,0,0,0,0,0,,,,
1416628482.58528,pg_catalog,pg_type,0,0,819794,811754,2130,0,2111,0,360,40,5142,815835,7923,1684647,,,,
1416628482.58528,information_schema,sql_parts,0,0,,,0,0,0,0,0,0,0,0,,,0,0,0,0
1416628482.58528,pg_catalog,pg_largeobject,0,0,0,0,0,0,0,0,0,0,0,0,0,0,,,,
1416628482.58528,pg_catalog,pg_ts_config_map,0,0,0,0,0,0,0,0,0,0,0,0,0,0,,,,
1416628482.58528,pg_catalog,pg_largeobject_metadata,0,0,0,0,0,0,0,0,0,0,0,0,0,0,,,,
1416628482.58528,pg_catalog,pg_am,41134,41134,0,0,0,0,0,0,0,0,444,40690,0,0,,,,
1416628482.58528,pg_toast,pg_toast_12718,0,0,0,0,0,0,0,0,0,0,0,0,0,0,,,,
1416628482.58528,pg_catalog,pg_ts_template,0,0,0,0,0,0,0,0,0,0,0,0,0,0,,,,
1416628482.58528,pg_catalog,pg_foreign_server,0,0,0,0,0,0,0,0,0,0,0,0,0,0,,,,
1416628482.58528,pg_catalog,pg_namespace,1424,47518,181847,147734,42,0,0,0,42,0,453,148811,2174,216286,,,,
1416628482.58528,pg_toast,pg_toast_2619,0,0,137878,466420,5410,0,5158,0,262,41,45459,181819,2722,277340,,,,
1416628482.58528,pg_catalog,pg_authid,784,784,68542,68542,0,0,0,0,0,0,382,68944,1809,135275,,,,
1416628482.58528,pg_catalog,pg_default_acl,0,0,4296,0,0,0,0,0,0,0,0,0,490,3806,,,,
1416628482.58528,public,partsupp,109,432000000,289417,1156648,8000000,0,0,0,8000000,0,7798161,2880580,204257,690792,,,,
1416628482.58528,pg_catalog,pg_shdepend,0,0,5799,1117,0,0,0,0,0,0,535,582,2098,5841,,,,
1416628482.58528,pg_catalog,pg_constraint,0,0,280,136,144,0,136,0,10,24,80,795,144,1432,0,0,0,0
1416628482.58528,public,nation,236,2875,285827,286043,25,0,0,0,25,0,31,285921,96,285922,,,,
1416628482.58528,pg_catalog,pg_index,4828,452292,374678,537254,802,0,774,0,143,58,4104,525893,2588,429204,,,,
1416628482.58528,pg_catalog,pg_ts_dict,0,0,0,0,0,0,0,0,0,0,0,0,0,0,,,,
1416628482.58528,pg_toast,pg_toast_2604,0,0,0,0,0,0,0,0,0,0,0,0,0,0,,,,
1416628482.58528,pg_catalog,pg_proc,0,0,301362,447315,0,0,0,0,0,0,29331,295519,12140,655861,0,0,0,0
